iteration,objective_value,solve_time,yr1,yr2,ys1,ys2,ys3,z_an1,z_an2,z_cat1,z_cat2
1,19.080000000000002,0.0002980232238769531,1.0,0.0,1.0,-0.0,-0.0,1.0,0.0,1.0,0.0
2,19.12,0.006178140640258789,1.0,-0.0,1.0,-0.0,-0.0,1.0,0.0,-0.0,1.0
3,19.16,0.001550912857055664,1.0,-0.0,1.0,-0.0,-0.0,-0.0,1.0,-0.0,1.0
4,19.16,0.001146078109741211,1.0,-0.0,1.0,-0.0,-0.0,-0.0,1.0,1.0,0.0
5,20.64,0.004999876022338867,1.0,-0.0,-0.0,1.0,-0.0,-0.0,1.0,-0.0,1.0
6,20.78,0.007859945297241211,1.0,-0.0,-0.0,1.0,-0.0,-0.0,1.0,1.0,0.0
7,20.92,0.006143093109130859,1.0,-0.0,0.0,1.0,0.0,1.0,0.0,1.0,0.0
8,21.060000000000002,0.006108999252319336,1.0,-0.0,-0.0,1.0,-0.0,1.0,0.0,-0.0,1.0
9,21.400000000000002,0.0064389705657958984,1.0,-0.0,-0.0,-0.0,1.0,-0.0,1.0,1.0,0.0
10,21.5,0.007344961166381836,1.0,-0.0,-0.0,-0.0,1.0,1.0,0.0,-0.0,1.0
11,21.7,0.010066032409667969,1.0,0.0,0.0,0.0,1.0,1.0,0.0,1.0,0.0
12,21.7,0.0057680606842041016,1.0,0.0,0.0,0.0,1.0,0.0,1.0,0.0,1.0
13,24.540000000000003,0.009580850601196289,0.0,1.0,1.0,-0.0,-0.0,1.0,0.0,1.0,0.0
14,24.580000000000002,0.005895137786865234,-0.0,1.0,1.0,-0.0,-0.0,1.0,0.0,-0.0,1.0
15,24.62,0.005379915237426758,-0.0,1.0,1.0,-0.0,-0.0,-0.0,1.0,-0.0,1.0
16,24.62,0.007032871246337891,-0.0,1.0,1.0,0.0,-0.0,0.0,1.0,1.0,0.0
17,26.1,0.0054438114166259766,-0.0,1.0,-0.0,1.0,-0.0,-0.0,1.0,-0.0,1.0
18,26.240000000000002,0.004789829254150391,0.0,1.0,0.0,1.0,0.0,0.0,1.0,1.0,0.0
19,26.380000000000003,0.005414009094238281,0.0,1.0,0.0,1.0,0.0,1.0,0.0,1.0,0.0
20,26.520000000000003,0.0061109066009521484,-0.0,1.0,-0.0,1.0,-0.0,1.0,0.0,-0.0,1.0
21,26.860000000000003,0.004026889801025391,-0.0,1.0,-0.0,-0.0,1.0,-0.0,1.0,1.0,0.0
22,26.96,0.004769086837768555,-0.0,1.0,-0.0,-0.0,1.0,1.0,0.0,-0.0,1.0
23,27.16,0.008641958236694336,-0.0,1.0,-0.0,-0.0,1.0,-0.0,1.0,-0.0,1.0
24,27.16,0.009263992309570312,0.0,1.0,0.0,0.0,1.0,1.0,0.0,1.0,0.0
25,29.0,0.00789189338684082,1.0,0.0,1.0,1.0,-0.0,0.0,1.0,-0.0,1.0
26,29.14,0.0102081298828125,1.0,0.0,1.0,1.0,-0.0,0.0,1.0,1.0,0.0
27,29.200000000000003,0.009505987167358398,1.0,0.0,1.0,1.0,-0.0,1.0,0.0,1.0,0.0
28,29.380000000000003,0.008343935012817383,1.0,-0.0,1.0,1.0,-0.0,1.0,0.0,-0.0,1.0
29,29.76,0.00790715217590332,1.0,-0.0,1.0,-0.0,1.0,-0.0,1.0,1.0,0.0
30,29.82,0.006697893142700195,1.0,0.0,1.0,0.0,1.0,1.0,0.0,0.0,1.0
31,29.98,0.007047176361083984,1.0,0.0,1.0,0.0,1.0,1.0,0.0,1.0,0.0
32,30.06,0.006482124328613281,1.0,0.0,1.0,0.0,1.0,0.0,1.0,0.0,1.0
33,31.380000000000003,0.007483959197998047,1.0,-0.0,-0.0,1.0,1.0,-0.0,1.0,1.0,0.0
34,31.54,0.006849050521850586,1.0,0.0,0.0,1.0,1.0,0.0,1.0,0.0,1.0
35,31.76,0.0072820186614990234,1.0,0.0,-0.0,1.0,1.0,1.0,0.0,-0.0,1.0
36,31.82,0.008293867111206055,1.0,-0.0,-0.0,1.0,1.0,1.0,0.0,1.0,0.0
37,34.46000000000001,0.007430076599121094,-0.0,1.0,1.0,1.0,-0.0,-0.0,1.0,-0.0,1.0
38,34.60000000000001,0.008671045303344727,0.0,1.0,1.0,1.0,0.0,-0.0,1.0,1.0,0.0
39,34.660000000000004,0.008540868759155273,-0.0,1.0,1.0,1.0,-0.0,1.0,0.0,1.0,0.0
40,34.84,0.005936861038208008,-0.0,1.0,1.0,1.0,-0.0,1.0,0.0,-0.0,1.0
41,35.220000000000006,0.00734400749206543,-0.0,1.0,1.0,-0.0,1.0,-0.0,1.0,1.0,0.0
42,35.28000000000001,0.012130975723266602,-0.0,1.0,1.0,-0.0,1.0,1.0,0.0,0.0,1.0
43,35.34,0.007684946060180664,1.0,1.0,1.0,-0.0,-0.0,1.0,0.0,1.0,0.0
44,35.38,0.00713801383972168,1.0,1.0,1.0,0.0,0.0,1.0,0.0,0.0,1.0
45,35.42,0.007394075393676758,1.0,1.0,1.0,-0.0,-0.0,-0.0,1.0,1.0,0.0
46,35.42,0.010447978973388672,1.0,1.0,1.0,-0.0,-0.0,-0.0,1.0,-0.0,1.0
47,35.440000000000005,0.01070094108581543,0.0,1.0,1.0,0.0,1.0,1.0,0.0,1.0,0.0
48,35.52,0.007832050323486328,0.0,1.0,1.0,0.0,1.0,0.0,1.0,0.0,1.0
49,36.84,0.007127046585083008,-0.0,1.0,-0.0,1.0,1.0,-0.0,1.0,1.0,0.0
50,36.900000000000006,0.007654905319213867,1.0,1.0,0.0,1.0,-0.0,-0.0,1.0,-0.0,1.0
51,37.00000000000001,0.006329059600830078,0.0,1.0,0.0,1.0,1.0,-0.0,1.0,-0.0,1.0
52,37.04,0.006175041198730469,1.0,1.0,0.0,1.0,-0.0,-0.0,1.0,1.0,0.0
53,37.18,0.006723880767822266,1.0,1.0,0.0,1.0,0.0,1.0,0.0,1.0,0.0
54,37.220000000000006,0.004713773727416992,-0.0,1.0,-0.0,1.0,1.0,1.0,0.0,-0.0,1.0
55,37.28,0.007483959197998047,-0.0,1.0,-0.0,1.0,1.0,1.0,0.0,1.0,0.0
56,37.32,0.004647970199584961,1.0,1.0,-0.0,1.0,-0.0,1.0,0.0,-0.0,1.0
57,37.660000000000004,0.004776954650878906,1.0,1.0,-0.0,-0.0,1.0,-0.0,1.0,1.0,0.0
58,37.760000000000005,0.003340005874633789,1.0,1.0,-0.0,-0.0,1.0,1.0,0.0,-0.0,1.0
59,37.96,0.005220174789428711,1.0,1.0,-0.0,-0.0,1.0,-0.0,1.0,-0.0,1.0
60,37.96,0.006797075271606445,1.0,1.0,-0.0,-0.0,1.0,1.0,0.0,1.0,0.0
61,39.74,0.003142118453979492,1.0,0.0,1.0,1.0,1.0,-0.0,1.0,1.0,0.0
62,39.9,0.01053309440612793,1.0,-0.0,1.0,1.0,1.0,-0.0,1.0,-0.0,1.0
63,40.08,0.012845993041992188,1.0,-0.0,1.0,1.0,1.0,1.0,0.0,-0.0,1.0
64,40.099999999999994,0.0024690628051757812,1.0,-0.0,1.0,1.0,1.0,1.0,0.0,1.0,0.0
65,45.20000000000001,0.022500991821289062,0.0,1.0,1.0,1.0,1.0,0.0,1.0,1.0,0.0
66,45.260000000000005,0.040025949478149414,1.0,1.0,1.0,1.0,0.0,0.0,1.0,0.0,1.0
67,45.36000000000001,0.009063005447387695,0.0,1.0,1.0,1.0,1.0,0.0,1.0,0.0,1.0
68,45.400000000000006,0.0197298526763916,1.0,1.0,1.0,1.0,-0.0,-0.0,1.0,1.0,0.0
69,45.46,0.0061359405517578125,1.0,1.0,1.0,1.0,0.0,1.0,0.0,1.0,0.0
70,45.540000000000006,0.00761103630065918,-0.0,1.0,1.0,1.0,1.0,1.0,0.0,-0.0,1.0
71,45.56,0.00927281379699707,-0.0,1.0,1.0,1.0,1.0,1.0,0.0,1.0,0.0
72,45.64,0.011355876922607422,1.0,1.0,1.0,1.0,-0.0,1.0,0.0,-0.0,1.0
73,46.02,0.004865884780883789,1.0,1.0,1.0,0.0,1.0,0.0,1.0,1.0,0.0
74,46.080000000000005,0.0032761096954345703,1.0,1.0,1.0,-0.0,1.0,1.0,0.0,-0.0,1.0
75,46.24,0.005565166473388672,1.0,1.0,1.0,-0.0,1.0,1.0,0.0,1.0,0.0
76,46.32,0.0030260086059570312,1.0,1.0,1.0,-0.0,1.0,-0.0,1.0,-0.0,1.0
77,47.64,0.0029129981994628906,1.0,1.0,0.0,1.0,1.0,-0.0,1.0,1.0,0.0
78,47.800000000000004,0.0031158924102783203,1.0,1.0,-0.0,1.0,1.0,-0.0,1.0,-0.0,1.0
79,48.02,0.0019121170043945312,1.0,1.0,-0.0,1.0,1.0,1.0,0.0,-0.0,1.0
80,48.08,0.0021889209747314453,1.0,1.0,-0.0,1.0,1.0,1.0,0.0,1.0,0.0
81,56.00000000000001,0.003142833709716797,1.0,1.0,1.0,1.0,1.0,-0.0,1.0,1.0,0.0
82,56.160000000000004,0.0020189285278320312,1.0,1.0,1.0,1.0,1.0,0.0,1.0,0.0,1.0
83,56.34,0.0015048980712890625,1.0,1.0,1.0,1.0,1.0,1.0,0.0,0.0,1.0
84,56.36,0.0015108585357666016,1.0,1.0,1.0,1.0,1.0,1.0,0.0,1.0,0.0
