,0,1,2,3,4,5,6,7,8,9,10,11,12,13,14,15,16,17,18,19,20,21,22,23,24,25,26,27,28,29,30,31,32,33,34,35,36,37,38,39,chain_break_fraction,energy,num_occurrences
0,1,0,1,1,0,0,1,0,1,1,1,1,0,0,0,0,0,1,1,0,0,0,0,1,1,0,0,0,0,0,0,0,0,0,0,0,0,0,1,0,0.025,92.68,10
1,1,0,1,1,0,0,1,0,1,1,1,1,0,0,0,0,0,1,1,0,0,0,0,1,0,1,0,0,0,0,0,0,0,0,0,0,0,0,1,0,0.025,92.68,10
2,1,0,1,1,0,1,0,0,1,1,1,1,0,0,0,0,0,1,1,0,0,0,1,0,1,0,0,0,0,0,0,0,0,0,0,0,0,1,0,0,0.025,92.82,11
3,1,0,1,1,0,1,0,0,1,1,1,1,0,0,0,0,0,1,1,0,0,0,1,0,0,1,0,0,0,0,0,0,0,0,0,0,0,1,0,0,0.025,92.82,5
4,1,0,1,1,0,1,0,1,0,1,1,1,0,0,0,0,0,1,1,0,1,0,0,0,1,0,0,0,0,0,0,0,0,0,0,0,0,0,0,1,0.025,92.87999999999994,11
5,1,0,1,1,0,1,0,1,0,1,1,1,0,0,0,0,0,1,1,0,1,0,0,0,0,1,0,0,0,0,0,0,0,0,0,0,0,0,0,1,0.025,92.87999999999994,12
6,1,0,1,1,0,0,1,1,0,1,1,1,0,0,0,0,0,1,1,0,0,1,0,0,0,1,0,0,0,0,0,0,0,0,0,0,1,0,0,0,0.025,93.06,7
7,1,0,1,1,0,0,1,1,0,1,1,1,0,0,0,0,0,1,1,0,0,1,0,0,1,0,0,0,0,0,0,0,0,0,0,0,1,0,0,0,0.025,93.06,15
8,1,0,0,1,0,0,1,0,1,1,0,1,0,0,0,0,0,0,1,0,0,0,0,1,0,0,0,0,0,0,0,0,0,0,0,0,0,0,1,0,0.025,20.640000000000157,6
9,1,0,0,1,0,1,0,0,1,1,0,1,0,0,0,0,0,0,1,0,0,0,1,0,0,0,0,0,0,0,0,0,0,0,0,0,0,1,0,0,0.025,20.780000000000143,6
10,1,0,0,1,0,1,0,1,0,1,0,1,0,0,0,0,0,0,1,0,1,0,0,0,0,0,0,0,0,0,0,0,0,0,0,0,0,0,0,1,0.025,20.92000000000013,4
11,1,0,0,1,0,0,1,1,0,1,0,1,0,0,0,0,0,0,1,0,0,1,0,0,0,0,0,0,0,0,0,0,0,0,0,0,1,0,0,0,0.025,21.060000000000116,12
12,1,1,1,1,0,0,1,0,1,1,1,1,0,1,1,0,0,1,1,0,0,0,0,1,1,0,0,0,0,0,1,0,0,0,0,0,0,0,1,0,0.025,108.93999999999988,5
13,1,1,1,1,0,0,1,0,1,1,1,1,0,1,1,0,0,1,1,0,0,0,0,1,0,1,0,0,0,0,1,0,0,0,0,0,0,0,1,0,0.025,108.93999999999988,4
14,1,1,1,1,0,0,1,0,1,1,1,1,0,1,1,0,0,1,1,0,0,0,0,1,0,1,0,0,0,0,0,1,0,0,0,0,0,0,1,0,0.025,108.93999999999988,4
15,1,1,1,1,0,0,1,0,1,1,1,1,0,1,1,0,0,1,1,0,0,0,0,1,1,0,0,0,0,0,0,1,0,0,0,0,0,0,1,0,0.025,108.93999999999988,5
16,1,1,1,1,0,1,0,0,1,1,1,1,0,1,1,0,0,1,1,0,0,0,1,0,0,1,0,0,0,0,1,0,0,0,0,0,0,1,0,0,0.025,109.07999999999987,1
17,1,1,1,1,0,1,0,0,1,1,1,1,0,1,1,0,0,1,1,0,0,0,1,0,1,0,0,0,0,0,0,1,0,0,0,0,0,1,0,0,0.025,109.07999999999987,4
18,1,1,1,1,0,1,0,0,1,1,1,1,0,1,1,0,0,1,1,0,0,0,1,0,0,1,0,0,0,0,0,1,0,0,0,0,0,1,0,0,0.025,109.07999999999987,5
19,1,1,1,1,0,1,0,0,1,1,1,1,0,1,1,0,0,1,1,0,0,0,1,0,1,0,0,0,0,0,1,0,0,0,0,0,0,1,0,0,0.025,109.07999999999987,1
20,1,1,1,1,0,1,0,1,0,1,1,1,0,1,1,0,0,1,1,0,1,0,0,0,0,1,0,0,0,0,1,0,0,0,0,0,0,0,0,1,0.025,109.13999999999982,1
21,1,1,1,1,0,1,0,1,0,1,1,1,0,1,1,0,0,1,1,0,1,0,0,0,1,0,0,0,0,0,1,0,0,0,0,0,0,0,0,1,0.025,109.13999999999982,7
22,1,1,1,1,0,1,0,1,0,1,1,1,0,1,1,0,0,1,1,0,1,0,0,0,0,1,0,0,0,0,0,1,0,0,0,0,0,0,0,1,0.025,109.13999999999982,5
23,1,1,1,1,0,1,0,1,0,1,1,1,0,1,1,0,0,1,1,0,1,0,0,0,1,0,0,0,0,0,0,1,0,0,0,0,0,0,0,1,0.025,109.13999999999982,4
24,1,1,1,1,0,0,1,1,0,1,1,1,0,1,1,0,0,1,1,0,0,1,0,0,1,0,0,0,0,0,1,0,0,0,0,0,1,0,0,0,0.025,109.31999999999988,2
25,1,1,1,1,0,0,1,1,0,1,1,1,0,1,1,0,0,1,1,0,0,1,0,0,0,1,0,0,0,0,1,0,0,0,0,0,1,0,0,0,0.025,109.31999999999988,5
26,1,1,1,1,0,0,1,1,0,1,1,1,0,1,1,0,0,1,1,0,0,1,0,0,0,1,0,0,0,0,0,1,0,0,0,0,1,0,0,0,0.025,109.31999999999988,5
27,1,1,1,1,0,0,1,1,0,1,1,1,0,1,1,0,0,1,1,0,0,1,0,0,1,0,0,0,0,0,0,1,0,0,0,0,1,0,0,0,0.025,109.31999999999988,4
28,1,0,1,0,0,1,0,1,0,1,1,0,0,0,0,0,0,1,0,0,1,0,0,0,0,0,0,0,0,0,0,0,0,0,0,0,0,0,0,1,0.0,19.080000000000098,1
29,1,0,1,0,0,0,1,0,1,1,1,0,0,0,0,0,0,1,0,0,0,0,0,1,0,0,0,0,0,0,0,0,0,0,0,0,0,0,1,0,0.0,19.16000000000014,4
30,1,0,0,1,0,0,1,0,1,1,0,1,0,0,0,0,0,0,1,0,0,0,0,1,0,0,0,0,0,0,0,0,0,0,0,0,0,0,1,0,0.0,20.640000000000157,3
31,1,0,0,1,0,1,0,0,1,1,0,1,0,0,0,0,0,0,1,0,0,0,1,0,0,0,0,0,0,0,0,0,0,0,0,0,0,1,0,0,0.0,20.780000000000143,3
32,1,0,0,1,0,1,0,1,0,1,0,1,0,0,0,0,0,0,1,0,1,0,0,0,0,0,0,0,0,0,0,0,0,0,0,0,0,0,0,1,0.0,20.92000000000013,7
33,1,0,0,1,0,0,1,1,0,1,0,1,0,0,0,0,0,0,1,0,0,1,0,0,0,0,0,0,0,0,0,0,0,0,0,0,1,0,0,0,0.0,21.060000000000116,1
34,1,0,0,0,1,1,0,0,1,1,0,0,1,0,0,0,0,0,0,1,0,0,1,0,0,0,0,0,0,0,0,0,0,0,0,0,0,1,0,0,0.0,21.400000000000148,1
35,1,0,0,0,1,0,1,1,0,1,0,0,1,0,0,0,0,0,0,1,0,1,0,0,0,0,0,0,0,0,0,0,0,0,0,0,1,0,0,0,0.0,21.50000000000017,1
36,1,0,0,0,1,1,0,1,0,1,0,0,1,0,0,0,0,0,0,1,1,0,0,0,0,0,0,0,0,0,0,0,0,0,0,0,0,0,0,1,0.0,21.700000000000102,3
37,1,0,0,0,1,0,1,0,1,1,0,0,1,0,0,0,0,0,0,1,0,0,0,1,0,0,0,0,0,0,0,0,0,0,0,0,0,0,1,0,0.0,21.700000000000102,3
38,0,1,1,0,0,1,0,1,0,0,0,0,0,1,1,0,0,1,0,0,1,0,0,0,0,0,0,0,0,0,0,0,0,0,0,0,0,0,0,1,0.0,24.540000000000134,1
39,0,1,1,0,0,0,1,1,0,0,0,0,0,1,1,0,0,1,0,0,0,1,0,0,0,0,0,0,0,0,0,0,0,0,0,0,1,0,0,0,0.0,24.58000000000021,1
40,0,1,1,0,0,0,1,0,1,0,0,0,0,1,1,0,0,1,0,0,0,0,0,1,0,0,0,0,0,0,0,0,0,0,0,0,0,0,1,0,0.0,24.620000000000175,2
41,0,1,1,0,0,1,0,0,1,0,0,0,0,1,1,0,0,1,0,0,0,0,1,0,0,0,0,0,0,0,0,0,0,0,0,0,0,1,0,0,0.0,24.620000000000175,2
42,1,1,1,1,1,1,0,0,1,1,1,1,0,1,0,0,1,1,1,1,0,0,1,0,1,1,0,0,0,0,0,0,0,0,0,0,0,1,0,0,0.025,119.6799999999999,4
43,1,1,1,1,1,1,0,0,1,1,1,1,0,1,1,0,1,1,1,1,0,0,1,0,1,1,0,0,1,0,0,1,0,0,0,0,0,1,0,0,0.025,119.67999999999967,1
44,1,1,1,1,1,0,1,0,1,1,1,1,0,1,0,0,1,1,1,1,0,0,0,1,1,1,0,0,0,0,0,0,0,0,0,0,0,0,1,0,0.025,119.83999999999975,4
45,1,1,1,1,1,0,1,0,1,1,1,1,0,1,1,0,1,1,1,1,0,0,0,1,1,1,0,0,1,0,0,1,0,0,0,0,0,0,1,0,0.025,119.83999999999963,3
46,1,1,1,1,1,0,1,1,0,1,1,1,0,1,1,0,1,1,1,1,0,1,0,0,1,1,0,0,1,0,1,0,0,0,0,0,1,0,0,0,0.025,120.0199999999997,3
47,1,1,1,1,1,0,1,1,0,1,1,1,0,1,0,0,1,1,1,1,0,1,0,0,1,1,0,0,0,0,0,0,0,0,0,0,1,0,0,0,0.025,120.01999999999981,4
48,1,1,1,1,1,0,1,1,0,1,1,1,0,1,1,0,1,1,1,1,0,1,0,0,1,1,0,0,1,0,0,1,0,0,0,0,1,0,0,0,0.025,120.0199999999997,2
49,1,1,1,1,1,1,0,1,0,1,1,1,0,1,1,0,1,1,1,1,1,0,0,0,1,1,0,0,1,0,0,1,0,0,0,0,0,0,0,1,0.025,120.03999999999957,1
50,1,1,1,1,1,1,0,1,0,1,1,1,0,1,0,0,1,1,1,1,1,0,0,0,1,1,0,0,0,0,0,0,0,0,0,0,0,0,0,1,0.025,120.0399999999998,2
51,1,1,1,1,1,1,0,1,0,1,1,1,0,1,1,0,1,1,1,1,1,0,0,0,1,1,0,0,1,0,1,0,0,0,0,0,0,0,0,1,0.025,120.03999999999957,5
52,0,1,0,1,0,0,1,0,1,0,0,0,0,1,0,1,0,0,1,0,0,0,0,1,0,0,0,0,0,0,0,0,0,0,0,0,0,0,1,0,0.0,26.100000000000193,2
53,0,1,0,1,0,1,0,1,0,0,0,0,0,1,0,1,0,0,1,0,1,0,0,0,0,0,0,0,0,0,0,0,0,0,0,0,0,0,0,1,0.0,26.380000000000166,2
54,0,1,0,1,0,0,1,1,0,0,0,0,0,1,0,1,0,0,1,0,0,1,0,0,0,0,0,0,0,0,0,0,0,0,0,0,1,0,0,0,0.0,26.520000000000152,1
55,0,1,0,0,1,1,0,0,1,0,0,0,0,1,0,0,1,0,0,1,0,0,1,0,0,0,0,0,0,0,0,0,0,0,0,0,0,1,0,0,0.0,26.860000000000184,2
56,0,1,0,0,1,1,0,1,0,0,0,0,0,1,0,0,1,0,0,1,1,0,0,0,0,0,0,0,0,0,0,0,0,0,0,0,0,0,0,1,0.0,27.16000000000014,1
57,0,1,0,0,1,0,1,0,1,0,0,0,0,1,0,0,1,0,0,1,0,0,0,1,0,0,0,0,0,0,0,0,0,0,0,0,0,0,1,0,0.0,27.16000000000014,5
58,1,0,1,1,0,1,0,0,1,1,1,1,0,0,0,0,0,1,1,0,0,0,1,0,0,1,1,0,0,0,0,0,0,0,0,0,0,1,0,0,0.0,29.13999999999993,1
59,1,0,1,1,0,1,0,0,1,1,1,1,0,0,0,0,0,1,1,0,0,0,1,0,1,0,1,0,0,0,0,0,0,0,0,0,0,1,0,0,0.0,29.13999999999993,2
60,1,0,1,1,0,1,0,1,0,1,1,1,0,0,0,0,0,1,1,0,1,0,0,0,0,1,1,0,0,0,0,0,0,0,0,0,0,0,0,1,0.0,29.199999999999875,1
61,1,0,1,1,0,1,0,1,0,1,1,1,0,0,0,0,0,1,1,0,1,0,0,0,1,0,1,0,0,0,0,0,0,0,0,0,0,0,0,1,0.0,29.199999999999875,3
62,1,0,1,1,0,0,1,1,0,1,1,1,0,0,0,0,0,1,1,0,0,1,0,0,0,1,1,0,0,0,0,0,0,0,0,0,1,0,0,0,0.0,29.37999999999994,1
63,1,0,1,1,0,0,1,1,0,1,1,1,0,0,0,0,0,1,1,0,0,1,0,0,1,0,1,0,0,0,0,0,0,0,0,0,1,0,0,0,0.0,29.37999999999994,7
64,1,0,1,0,1,1,0,1,0,1,1,0,1,0,0,0,0,1,0,1,1,0,0,0,1,0,1,0,0,0,0,0,0,0,0,0,0,0,0,1,0.0,29.979999999999848,1
65,1,0,1,0,1,1,0,1,0,1,1,0,1,0,0,0,0,1,0,1,1,0,0,0,0,1,1,0,0,0,0,0,0,0,0,0,0,0,0,1,0.0,29.979999999999848,2
66,1,0,1,0,1,0,1,0,1,1,1,0,1,0,0,0,0,1,0,1,0,0,0,1,0,1,1,0,0,0,0,0,0,0,0,0,0,0,1,0,0.0,30.05999999999989,1
67,1,0,1,0,1,0,1,0,1,1,1,0,1,0,0,0,0,1,0,1,0,0,0,1,1,0,1,0,0,0,0,0,0,0,0,0,0,0,1,0,0.0,30.05999999999989,1
68,1,0,0,1,1,1,0,0,1,1,0,1,1,0,0,0,0,0,1,1,0,0,1,0,0,1,1,0,0,0,0,0,0,0,0,0,0,1,0,0,0.0,31.37999999999994,1
69,1,0,0,1,1,1,0,0,1,1,0,1,1,0,0,0,0,0,1,1,0,0,1,0,1,0,1,0,0,0,0,0,0,0,0,0,0,1,0,0,0.0,31.37999999999994,4
70,1,0,0,1,1,0,1,0,1,1,0,1,1,0,0,0,0,0,1,1,0,0,0,1,1,0,1,0,0,0,0,0,0,0,0,0,0,0,1,0,0.0,31.539999999999907,5
71,1,0,0,1,1,0,1,0,1,1,0,1,1,0,0,0,0,0,1,1,0,0,0,1,0,1,1,0,0,0,0,0,0,0,0,0,0,0,1,0,0.0,31.539999999999907,3
72,1,0,0,1,1,0,1,1,0,1,0,1,1,0,0,0,0,0,1,1,0,1,0,0,0,1,1,0,0,0,0,0,0,0,0,0,1,0,0,0,0.0,31.759999999999934,1
73,1,0,0,1,1,0,1,1,0,1,0,1,1,0,0,0,0,0,1,1,0,1,0,0,1,0,1,0,0,0,0,0,0,0,0,0,1,0,0,0,0.0,31.759999999999934,1
74,1,0,0,1,1,1,0,1,0,1,0,1,1,0,0,0,0,0,1,1,1,0,0,0,0,1,1,0,0,0,0,0,0,0,0,0,0,0,0,1,0.0,31.81999999999988,3
75,0,1,1,1,0,0,1,0,1,0,0,0,0,1,1,1,0,1,1,0,0,0,0,1,0,1,0,0,1,0,0,0,0,0,0,0,0,0,1,0,0.0,34.45999999999998,1
76,0,1,1,1,0,1,0,0,1,0,0,0,0,1,1,1,0,1,1,0,0,0,1,0,1,0,0,0,1,0,0,0,0,0,0,0,0,1,0,0,0.0,34.599999999999966,2
77,0,1,1,1,0,1,0,1,0,0,0,0,0,1,1,1,0,1,1,0,1,0,0,0,1,0,0,0,1,0,0,0,0,0,0,0,0,0,0,1,0.0,34.65999999999991,1
78,0,1,1,0,1,0,1,1,0,0,0,0,0,1,1,0,1,1,0,1,0,1,0,0,0,1,0,0,1,0,0,0,0,0,0,0,1,0,0,0,0.0,35.279999999999916,1
79,0,1,1,0,1,0,1,1,0,0,0,0,0,1,1,0,1,1,0,1,0,1,0,0,1,0,0,0,1,0,0,0,0,0,0,0,1,0,0,0,0.0,35.279999999999916,1
80,1,1,1,1,0,0,1,0,1,1,0,1,0,1,1,0,0,1,1,0,0,0,0,1,1,0,0,0,0,0,0,0,0,0,0,0,0,0,1,0,0.025,45.259999999999934,1
81,1,1,1,1,0,0,1,0,1,1,0,1,0,1,1,0,0,1,1,0,0,0,0,1,0,1,0,0,0,0,0,0,0,0,0,0,0,0,1,0,0.025,45.259999999999934,1
82,1,1,1,0,0,1,0,1,0,1,1,0,0,1,1,0,0,1,0,0,1,0,0,0,0,0,0,0,0,0,1,0,0,0,0,0,0,0,0,1,0.0,35.339999999999975,1
83,1,1,1,0,0,1,0,1,0,1,1,0,0,1,1,0,0,1,0,0,1,0,0,0,0,0,0,0,0,0,0,1,0,0,0,0,0,0,0,1,0.0,35.339999999999975,2
84,1,1,1,0,0,0,1,1,0,1,1,0,0,1,1,0,0,1,0,0,0,1,0,0,0,0,0,0,0,0,1,0,0,0,0,0,1,0,0,0,0.0,35.37999999999994,2
85,1,1,1,0,0,0,1,1,0,1,1,0,0,1,1,0,0,1,0,0,0,1,0,0,0,0,0,0,0,0,0,1,0,0,0,0,1,0,0,0,0.0,35.37999999999994,1
86,1,1,1,0,0,0,1,0,1,1,1,0,0,1,1,0,0,1,0,0,0,0,0,1,0,0,0,0,0,0,0,1,0,0,0,0,0,0,1,0,0.0,35.420000000000016,1
87,0,1,1,0,1,1,0,1,0,0,0,0,0,1,1,0,1,1,0,1,1,0,0,0,1,0,0,0,1,0,0,0,0,0,0,0,0,0,0,1,0.0,35.439999999999884,1
88,0,1,1,0,1,1,0,1,0,0,0,0,0,1,1,0,1,1,0,1,1,0,0,0,0,1,0,0,1,0,0,0,0,0,0,0,0,0,0,1,0.0,35.439999999999884,1
89,1,1,1,1,0,1,0,0,1,1,0,1,0,1,1,0,0,1,1,0,0,0,1,0,1,0,0,0,0,0,0,0,0,0,0,0,0,1,0,0,0.025,45.39999999999992,2
90,1,1,1,1,0,1,0,1,0,1,0,1,0,1,1,0,0,1,1,0,1,0,0,0,1,0,0,0,0,0,0,0,0,0,0,0,0,0,0,1,0.025,45.459999999999866,2
91,1,1,1,1,0,1,0,1,0,1,0,1,0,1,1,0,0,1,1,0,1,0,0,0,0,1,0,0,0,0,0,0,0,0,0,0,0,0,0,1,0.025,45.459999999999866,1
92,0,1,0,1,1,1,0,0,1,0,0,0,0,1,0,1,1,0,1,1,0,0,1,0,0,1,0,0,1,0,0,0,0,0,0,0,0,1,0,0,0.0,36.839999999999975,1
93,0,1,0,1,1,1,0,0,1,0,0,0,0,1,0,1,1,0,1,1,0,0,1,0,1,0,0,0,1,0,0,0,0,0,0,0,0,1,0,0,0.0,36.839999999999975,5
94,1,1,0,1,0,0,1,0,1,1,0,1,0,1,0,1,0,0,1,0,0,0,0,1,0,0,0,0,0,0,0,0,1,0,0,0,0,0,1,0,0.0,36.89999999999992,2
95,1,1,0,1,0,0,1,0,1,1,0,1,0,1,0,1,0,0,1,0,0,0,0,1,0,0,0,0,0,0,0,0,0,1,0,0,0,0,1,0,0.0,36.89999999999992,1
96,0,1,0,1,1,0,1,0,1,0,0,0,0,1,0,1,1,0,1,1,0,0,0,1,1,0,0,0,1,0,0,0,0,0,0,0,0,0,1,0,0.0,36.99999999999994,2
97,0,1,0,1,1,0,1,0,1,0,0,0,0,1,0,1,1,0,1,1,0,0,0,1,0,1,0,0,1,0,0,0,0,0,0,0,0,0,1,0,0.0,36.99999999999994,1
98,1,1,0,1,0,1,0,0,1,1,0,1,0,1,0,1,0,0,1,0,0,0,1,0,0,0,0,0,0,0,0,0,0,1,0,0,0,1,0,0,0.0,37.03999999999991,1
99,1,1,0,1,0,1,0,1,0,1,0,1,0,1,0,1,0,0,1,0,1,0,0,0,0,0,0,0,0,0,0,0,1,0,0,0,0,0,0,1,0.0,37.18000000000001,3
100,1,1,0,1,0,1,0,1,0,1,0,1,0,1,0,1,0,0,1,0,1,0,0,0,0,0,0,0,0,0,0,0,0,1,0,0,0,0,0,1,0.0,37.18000000000001,2
101,0,1,0,1,1,0,1,1,0,0,0,0,0,1,0,1,1,0,1,1,0,1,0,0,1,0,0,0,1,0,0,0,0,0,0,0,1,0,0,0,0.0,37.21999999999997,4
102,0,1,0,1,1,1,0,1,0,0,0,0,0,1,0,1,1,0,1,1,1,0,0,0,0,1,0,0,1,0,0,0,0,0,0,0,0,0,0,1,0.0,37.279999999999916,1
103,1,1,0,0,1,1,0,0,1,1,0,0,1,1,0,0,1,0,0,1,0,0,1,0,0,0,0,0,0,0,0,0,0,0,1,0,0,1,0,0,0.0,37.65999999999991,1
104,1,1,0,0,1,0,1,1,0,1,0,0,1,1,0,0,1,0,0,1,0,1,0,0,0,0,0,0,0,0,0,0,0,0,0,1,1,0,0,0,0.0,37.759999999999934,1
105,1,1,0,0,1,0,1,1,0,1,0,0,1,1,0,0,1,0,0,1,0,1,0,0,0,0,0,0,0,0,0,0,0,0,1,0,1,0,0,0,0.0,37.759999999999934,2
106,1,1,0,1,1,0,1,0,1,1,0,1,0,1,0,0,1,0,1,1,0,0,0,1,1,0,0,0,0,0,0,0,0,0,0,0,0,0,1,0,0.025,47.7999999999999,1
107,1,1,0,1,1,0,1,0,1,1,0,1,0,1,0,0,1,0,1,1,0,0,0,1,0,1,0,0,0,0,0,0,0,0,0,0,0,0,1,0,0.025,47.7999999999999,2
108,1,1,0,0,1,1,0,1,0,1,0,0,1,1,0,0,1,0,0,1,1,0,0,0,0,0,0,0,0,0,0,0,0,0,1,0,0,0,0,1,0.0,37.95999999999998,3
109,1,1,0,0,1,1,0,1,0,1,0,0,1,1,0,0,1,0,0,1,1,0,0,0,0,0,0,0,0,0,0,0,0,0,0,1,0,0,0,1,0.0,37.95999999999998,3
110,1,1,0,0,1,0,1,0,1,1,0,0,1,1,0,0,1,0,0,1,0,0,0,1,0,0,0,0,0,0,0,0,0,0,0,1,0,0,1,0,0.0,37.95999999999998,2
111,1,1,0,0,1,0,1,0,1,1,0,0,1,1,0,0,1,0,0,1,0,0,0,1,0,0,0,0,0,0,0,0,0,0,1,0,0,0,1,0,0.0,37.95999999999998,1
112,1,1,0,1,1,0,1,1,0,1,0,1,0,1,0,0,1,0,1,1,0,1,0,0,1,0,0,0,0,0,0,0,0,0,0,0,1,0,0,0,0.025,48.019999999999925,2
113,1,1,0,1,1,0,1,1,0,1,0,1,0,1,0,0,1,0,1,1,0,1,0,0,0,1,0,0,0,0,0,0,0,0,0,0,1,0,0,0,0.025,48.019999999999925,3
114,1,1,0,1,1,1,0,1,0,1,0,1,0,1,0,0,1,0,1,1,1,0,0,0,0,1,0,0,0,0,0,0,0,0,0,0,0,0,0,1,0.025,48.07999999999987,1
115,1,1,0,1,1,1,0,1,0,1,0,1,0,1,0,0,1,0,1,1,1,0,0,0,1,0,0,0,0,0,0,0,0,0,0,0,0,0,0,1,0.025,48.07999999999987,2
116,1,0,1,1,1,1,0,1,0,1,1,1,1,0,0,0,0,1,1,1,1,0,0,0,1,1,0,1,0,0,0,0,0,0,0,0,0,0,0,1,0.0,40.099999999999966,1
117,1,0,1,1,0,0,1,0,1,1,1,1,0,0,0,0,0,1,1,0,0,0,0,1,1,0,0,0,0,0,0,0,0,0,0,0,0,0,1,0,0.05,92.68,1
118,1,0,1,1,0,1,0,0,1,1,1,1,0,0,0,0,0,1,1,0,0,0,1,0,1,0,0,0,0,0,0,0,0,0,0,0,0,1,0,0,0.05,92.82,1
119,1,0,1,1,0,1,0,1,0,1,1,1,0,0,0,0,0,1,1,0,1,0,0,0,0,1,0,0,0,0,0,0,0,0,0,0,0,0,0,1,0.05,92.87999999999994,1
120,1,0,1,1,0,0,1,1,0,1,1,1,0,0,0,0,0,1,1,0,0,1,0,0,1,0,0,0,0,0,0,0,0,0,0,0,1,0,0,0,0.05,93.06,1
121,1,1,1,1,0,0,1,0,1,1,1,1,0,1,1,1,0,1,1,0,0,0,0,1,1,0,1,0,1,0,1,0,1,0,0,0,0,0,1,0,0.0,45.25999999999982,1
122,1,1,1,1,0,0,1,0,1,1,1,1,0,1,1,1,0,1,1,0,0,0,0,1,0,1,1,0,1,0,0,1,0,1,0,0,0,0,1,0,0.0,45.25999999999982,1
123,1,1,1,1,0,0,1,0,1,1,1,1,0,1,1,1,0,1,1,0,0,0,0,1,1,0,1,0,1,0,0,1,0,1,0,0,0,0,1,0,0.0,45.25999999999982,1
124,1,1,1,1,0,0,1,0,1,1,1,1,0,1,1,1,0,1,1,0,0,0,0,1,0,1,1,0,1,0,1,0,1,0,0,0,0,0,1,0,0.0,45.25999999999982,2
125,1,1,1,1,0,0,1,0,1,1,1,1,0,1,1,1,0,1,1,0,0,0,0,1,1,0,1,0,1,0,0,1,1,0,0,0,0,0,1,0,0.0,45.25999999999982,1
126,1,1,1,1,0,0,1,0,1,1,1,1,0,1,1,0,0,1,1,0,0,0,0,1,0,1,1,0,0,0,0,1,0,0,0,0,0,0,1,0,0.0,45.25999999999982,1
127,1,1,1,1,0,0,1,0,1,1,1,1,0,1,1,0,0,1,1,0,0,0,0,1,1,0,1,0,0,0,0,1,0,0,0,0,0,0,1,0,0.0,45.25999999999982,1
128,1,1,1,1,0,0,1,0,1,1,0,1,0,1,1,1,0,1,1,0,0,0,0,1,1,0,0,0,1,0,0,0,0,1,0,0,0,0,1,0,0.0,45.25999999999971,3
129,1,1,1,1,0,0,1,0,1,1,1,0,0,1,0,1,0,1,1,0,0,0,0,1,0,1,0,0,0,0,0,0,0,0,0,0,0,0,1,0,0.0,45.259999999999934,1
130,1,1,1,1,0,1,0,0,1,1,1,1,0,1,1,1,0,1,1,0,0,0,1,0,1,0,1,0,1,0,0,1,1,0,0,0,0,1,0,0,0.0,45.39999999999992,2
131,1,1,1,1,0,1,0,0,1,1,1,0,0,1,0,1,0,1,1,0,0,0,1,0,1,0,0,0,0,0,0,0,0,0,0,0,0,1,0,0,0.0,45.39999999999992,1
132,1,1,1,1,0,1,0,0,1,1,1,0,0,1,1,1,0,1,1,0,0,0,1,0,1,0,0,0,1,0,0,1,0,0,0,0,0,1,0,0,0.0,45.400000000000034,2
133,1,1,1,1,0,1,0,0,1,1,1,0,0,1,1,1,0,1,1,0,0,0,1,0,0,1,0,0,1,0,1,0,0,0,0,0,0,1,0,0,0.0,45.400000000000034,2
134,1,1,1,1,0,1,0,0,1,1,1,0,0,1,0,1,0,1,1,0,0,0,1,0,0,1,0,0,0,0,0,0,0,0,0,0,0,1,0,0,0.0,45.39999999999992,1
135,1,1,1,1,0,1,0,0,1,1,1,1,0,1,0,1,0,1,1,0,0,0,1,0,0,1,1,0,0,0,0,0,0,1,0,0,0,1,0,0,0.0,45.39999999999981,1
136,1,1,1,1,0,1,0,0,1,1,0,1,0,1,1,1,0,1,1,0,0,0,1,0,0,1,0,0,1,0,0,0,1,0,0,0,0,1,0,0,0.0,45.39999999999981,1
137,1,1,1,1,0,1,0,0,1,1,0,1,0,1,1,1,0,1,1,0,0,0,1,0,1,0,0,0,1,0,0,0,1,0,0,0,0,1,0,0,0.0,45.39999999999981,1
138,1,1,1,1,0,1,0,0,1,1,0,1,0,1,1,0,0,1,1,0,0,0,1,0,0,1,0,0,0,0,0,0,0,0,0,0,0,1,0,0,0.0,45.39999999999992,1
139,1,1,1,1,0,1,0,0,1,1,1,1,0,1,1,0,0,1,1,0,0,0,1,0,0,1,1,0,0,0,0,1,0,0,0,0,0,1,0,0,0.0,45.39999999999981,1
140,1,1,1,1,0,1,0,0,1,1,1,1,0,1,1,0,0,1,1,0,0,0,1,0,1,0,1,0,0,0,0,1,0,0,0,0,0,1,0,0,0.0,45.39999999999981,1
141,1,1,1,1,0,1,0,1,0,1,1,1,0,1,1,1,0,1,1,0,1,0,0,0,0,1,1,0,1,0,0,1,0,1,0,0,0,0,0,1,0.0,45.459999999999866,1
142,1,1,1,1,0,1,0,1,0,1,1,0,0,1,1,1,0,1,1,0,1,0,0,0,0,1,0,0,1,0,0,1,0,0,0,0,0,0,0,1,0.0,45.45999999999998,2
143,1,1,1,1,0,1,0,1,0,1,1,1,0,1,1,1,0,1,1,0,1,0,0,0,0,1,1,0,1,0,0,1,1,0,0,0,0,0,0,1,0.0,45.459999999999866,1
144,1,1,1,1,0,1,0,1,0,1,1,0,0,1,1,1,0,1,1,0,1,0,0,0,0,1,0,0,1,0,1,0,0,0,0,0,0,0,0,1,0.0,45.45999999999998,1
145,1,1,1,1,0,1,0,1,0,1,1,1,0,1,0,1,0,1,1,0,1,0,0,0,1,0,1,0,0,0,0,0,1,0,0,0,0,0,0,1,0.0,45.45999999999975,1
146,1,1,1,1,0,1,0,1,0,1,1,0,0,1,1,1,0,1,1,0,1,0,0,0,1,0,0,0,1,0,1,0,0,0,0,0,0,0,0,1,0.0,45.45999999999998,2
147,1,1,1,1,0,1,0,1,0,1,1,1,0,1,0,1,0,1,1,0,1,0,0,0,0,1,1,0,0,0,0,0,1,0,0,0,0,0,0,1,0.0,45.45999999999975,1
148,1,1,1,1,0,1,0,1,0,1,1,1,0,1,1,1,0,1,1,0,1,0,0,0,1,0,1,0,1,0,1,0,0,1,0,0,0,0,0,1,0.0,45.459999999999866,1
149,1,1,1,1,0,1,0,1,0,1,1,1,0,1,1,0,0,1,1,0,1,0,0,0,0,1,1,0,0,0,0,1,0,0,0,0,0,0,0,1,0.0,45.45999999999975,1
150,1,1,1,1,0,1,0,1,0,1,1,1,0,1,1,0,0,1,1,0,1,0,0,0,1,0,1,0,0,0,0,1,0,0,0,0,0,0,0,1,0.0,45.45999999999975,1
151,1,1,1,1,0,1,0,1,0,1,1,1,0,1,1,0,0,1,1,0,1,0,0,0,1,0,1,0,0,0,1,0,0,0,0,0,0,0,0,1,0.0,45.45999999999975,1
152,1,1,1,1,0,1,0,1,0,1,0,1,0,1,1,1,0,1,1,0,1,0,0,0,0,1,0,0,1,0,0,0,1,0,0,0,0,0,0,1,0.0,45.45999999999975,1
153,1,1,1,1,0,1,0,1,0,1,0,1,0,1,1,1,0,1,1,0,1,0,0,0,1,0,0,0,1,0,0,0,1,0,0,0,0,0,0,1,0.0,45.45999999999975,3
154,1,1,1,1,0,1,0,1,0,1,0,1,0,1,1,0,0,1,1,0,1,0,0,0,0,1,0,0,0,0,0,0,0,0,0,0,0,0,0,1,0.0,45.459999999999866,1
155,0,1,1,1,1,0,1,1,0,0,0,0,0,1,1,1,1,1,1,1,0,1,0,0,1,1,0,0,0,1,0,0,0,0,0,0,1,0,0,0,0.0,45.54000000000002,1
156,1,1,1,1,0,0,1,1,0,1,1,1,0,1,1,1,0,1,1,0,0,1,0,0,1,0,1,0,1,0,0,1,0,1,0,0,1,0,0,0,0.0,45.639999999999816,1
157,1,1,1,1,0,0,1,1,0,1,1,1,0,1,0,1,0,1,1,0,0,1,0,0,1,0,1,0,0,0,0,0,1,0,0,0,1,0,0,0,0.0,45.6399999999997,1
158,1,1,1,1,0,0,1,1,0,1,1,1,0,1,1,1,0,1,1,0,0,1,0,0,0,1,1,0,1,0,0,1,1,0,0,0,1,0,0,0,0.0,45.639999999999816,2
159,1,1,1,1,0,0,1,1,0,1,1,1,0,1,0,1,0,1,1,0,0,1,0,0,0,1,1,0,0,0,0,0,1,0,0,0,1,0,0,0,0.0,45.6399999999997,1
160,1,1,1,1,0,0,1,1,0,1,1,1,0,1,1,1,0,1,1,0,0,1,0,0,1,0,1,0,1,0,0,1,1,0,0,0,1,0,0,0,0.0,45.639999999999816,2
161,1,1,1,1,0,0,1,1,0,1,0,1,0,1,1,1,0,1,1,0,0,1,0,0,1,0,0,0,1,0,0,0,0,1,0,0,1,0,0,0,0.0,45.6399999999997,1
162,1,1,1,1,0,0,1,1,0,1,1,0,0,1,0,1,0,1,1,0,0,1,0,0,1,0,0,0,0,0,0,0,0,0,0,0,1,0,0,0,0.0,45.63999999999993,2
163,1,1,1,1,0,0,1,1,0,1,1,0,0,1,1,1,0,1,1,0,0,1,0,0,1,0,0,0,1,0,0,1,0,0,0,0,1,0,0,0,0.0,45.63999999999993,2
164,1,1,1,1,0,0,1,1,0,1,1,1,0,1,1,0,0,1,1,0,0,1,0,0,0,1,1,0,0,0,1,0,0,0,0,0,1,0,0,0,0.0,45.639999999999816,1
165,1,1,1,1,0,0,1,1,0,1,1,0,0,1,0,1,0,1,1,0,0,1,0,0,0,1,0,0,0,0,0,0,0,0,0,0,1,0,0,0,0.0,45.63999999999993,1
166,1,1,1,1,0,0,1,1,0,1,0,1,0,1,1,0,0,1,1,0,0,1,0,0,0,1,0,0,0,0,0,0,0,0,0,0,1,0,0,0,0.0,45.63999999999993,1
167,1,1,1,1,0,0,1,1,0,1,0,1,0,1,1,0,0,1,1,0,0,1,0,0,1,0,0,0,0,0,0,0,0,0,0,0,1,0,0,0,0.0,45.63999999999993,2
168,1,1,1,0,1,1,0,0,1,1,1,0,1,1,1,0,1,1,0,1,0,0,1,0,1,0,1,0,1,0,1,0,0,0,0,1,0,1,0,0,0.0,46.01999999999981,1
169,1,1,1,0,1,1,0,0,1,1,1,0,0,1,1,0,1,1,0,1,0,0,1,0,1,0,0,0,1,0,1,0,0,0,0,0,0,1,0,0,0.0,46.019999999999925,1
170,1,1,1,0,1,1,0,0,1,1,1,0,1,1,0,0,1,1,0,1,0,0,1,0,1,0,1,0,0,0,0,0,0,0,1,0,0,1,0,0,0.0,46.0199999999997,1
171,1,1,1,0,1,1,0,0,1,1,1,0,1,1,1,0,1,1,0,1,0,0,1,0,1,0,1,0,1,0,0,1,0,0,0,1,0,1,0,0,0.0,46.01999999999981,1
172,1,1,1,0,1,1,0,0,1,1,0,0,1,1,1,0,1,1,0,1,0,0,1,0,0,1,0,0,1,0,0,0,0,0,1,0,0,1,0,0,0.0,46.0199999999997,1
173,1,1,1,0,1,1,0,0,1,1,1,0,1,1,1,0,0,1,0,1,0,0,1,0,0,1,1,0,0,0,0,1,0,0,0,0,0,1,0,0,0.0,46.019999999999925,1
174,1,1,1,0,1,1,0,0,1,1,1,0,1,1,1,0,0,1,0,1,0,0,1,0,1,0,1,0,0,0,0,1,0,0,0,0,0,1,0,0,0.0,46.019999999999925,1
175,1,1,1,0,1,0,1,1,0,1,1,0,0,1,1,0,1,1,0,1,0,1,0,0,0,1,0,0,1,0,1,0,0,0,0,0,1,0,0,0,0.0,46.07999999999987,1
176,1,1,1,0,1,0,1,1,0,1,0,0,1,1,1,0,1,1,0,1,0,1,0,0,1,0,0,0,1,0,0,0,0,0,1,0,1,0,0,0,0.0,46.07999999999964,1
177,1,1,1,0,1,0,1,1,0,1,1,0,0,1,1,0,1,1,0,1,0,1,0,0,0,1,0,0,1,0,0,1,0,0,0,0,1,0,0,0,0.0,46.07999999999987,2
178,1,1,1,0,1,0,1,1,0,1,1,0,1,1,0,0,1,1,0,1,0,1,0,0,1,0,1,0,0,0,0,0,0,0,0,1,1,0,0,0,0.0,46.07999999999964,2
179,1,1,1,0,1,0,1,1,0,1,1,0,0,1,0,0,1,1,0,1,0,1,0,0,1,0,0,0,0,0,0,0,0,0,0,0,1,0,0,0,0.0,46.07999999999987,1
180,1,1,1,0,1,0,1,1,0,1,0,0,1,1,1,0,0,1,0,1,0,1,0,0,1,0,0,0,0,0,0,0,0,0,0,0,1,0,0,0,0.0,46.07999999999987,1
181,1,1,1,0,1,0,1,1,0,1,1,0,1,1,1,0,0,1,0,1,0,1,0,0,0,1,1,0,0,0,0,1,0,0,0,0,1,0,0,0,0.0,46.07999999999987,1
182,1,1,1,0,1,0,1,1,0,1,1,0,0,1,0,0,1,1,0,1,0,1,0,0,0,1,0,0,0,0,0,0,0,0,0,0,1,0,0,0,0.0,46.07999999999987,2
183,1,1,1,1,1,0,1,0,1,1,0,1,0,1,1,0,1,1,1,1,0,0,0,1,1,1,0,0,1,0,0,0,0,0,0,0,0,0,1,0,0.025,56.15999999999957,1
184,1,1,1,0,1,1,0,1,0,1,1,0,1,1,1,0,1,1,0,1,1,0,0,0,1,0,1,0,1,0,1,0,0,0,1,0,0,0,0,1,0.0,46.23999999999984,1
185,1,1,1,0,1,1,0,1,0,1,1,0,0,1,0,0,1,1,0,1,1,0,0,0,0,1,0,0,0,0,0,0,0,0,0,0,0,0,0,1,0.0,46.23999999999995,1
186,1,1,1,0,1,1,0,1,0,1,1,0,0,1,0,0,1,1,0,1,1,0,0,0,1,0,0,0,0,0,0,0,0,0,0,0,0,0,0,1,0.0,46.23999999999995,2
187,1,1,1,0,1,1,0,1,0,1,1,0,1,1,0,0,1,1,0,1,1,0,0,0,0,1,1,0,0,0,0,0,0,0,0,1,0,0,0,1,0.0,46.239999999999725,1
188,1,1,1,0,1,1,0,1,0,1,1,0,0,1,1,0,1,1,0,1,1,0,0,0,1,0,0,0,1,0,0,1,0,0,0,0,0,0,0,1,0.0,46.23999999999995,2
189,1,1,1,0,1,1,0,1,0,1,1,0,1,1,0,0,1,1,0,1,1,0,0,0,1,0,1,0,0,0,0,0,0,0,0,1,0,0,0,1,0.0,46.239999999999725,1
190,1,1,1,0,1,1,0,1,0,1,1,0,0,1,1,0,1,1,0,1,1,0,0,0,0,1,0,0,1,0,0,1,0,0,0,0,0,0,0,1,0.0,46.23999999999995,2
191,1,1,1,0,1,1,0,1,0,1,0,0,1,1,1,0,1,1,0,1,1,0,0,0,1,0,0,0,1,0,0,0,0,0,1,0,0,0,0,1,0.0,46.239999999999725,1
192,1,1,1,0,1,1,0,1,0,1,0,0,1,1,1,0,0,1,0,1,1,0,0,0,1,0,0,0,0,0,0,0,0,0,0,0,0,0,0,1,0.0,46.23999999999995,2
193,1,1,1,0,1,0,1,0,1,1,1,0,1,1,1,0,1,1,0,1,0,0,0,1,1,0,1,0,1,0,1,0,0,0,1,0,0,0,1,0,0.0,46.319999999999766,1
194,1,1,1,0,1,0,1,0,1,1,1,0,1,1,1,0,1,1,0,1,0,0,0,1,0,1,1,0,1,0,1,0,0,0,0,1,0,0,1,0,0.0,46.319999999999766,2
195,1,1,1,0,1,0,1,0,1,1,1,0,1,1,1,0,1,1,0,1,0,0,0,1,1,0,1,0,1,0,0,1,0,0,0,1,0,0,1,0,0.0,46.319999999999766,2
196,1,1,1,0,1,0,1,0,1,1,1,0,0,1,1,0,1,1,0,1,0,0,0,1,1,0,0,0,1,0,1,0,0,0,0,0,0,0,1,0,0.0,46.31999999999988,1
197,1,1,1,0,1,0,1,0,1,1,0,0,1,1,1,0,1,1,0,1,0,0,0,1,1,0,0,0,1,0,0,0,0,0,0,1,0,0,1,0,0.0,46.31999999999965,3
198,1,1,1,0,1,0,1,0,1,1,0,0,1,1,1,0,1,1,0,1,0,0,0,1,0,1,0,0,1,0,0,0,0,0,0,1,0,0,1,0,0.0,46.31999999999965,2
199,1,1,1,0,1,0,1,0,1,1,1,0,0,1,1,0,1,1,0,1,0,0,0,1,0,1,0,0,1,0,0,1,0,0,0,0,0,0,1,0,0.0,46.31999999999988,1
200,1,1,1,0,1,0,1,0,1,1,1,0,0,1,1,0,1,1,0,1,0,0,0,1,1,0,0,0,1,0,0,1,0,0,0,0,0,0,1,0,0.0,46.31999999999988,2
201,1,1,1,0,1,0,1,0,1,1,1,0,0,1,0,0,1,1,0,1,0,0,0,1,1,0,0,0,0,0,0,0,0,0,0,0,0,0,1,0,0.0,46.31999999999988,1
202,1,1,1,0,1,0,1,0,1,1,1,0,1,1,1,0,0,1,0,1,0,0,0,1,0,1,1,0,0,0,1,0,0,0,0,0,0,0,1,0,0.0,46.31999999999988,1
203,1,1,1,0,1,0,1,0,1,1,1,0,0,1,0,0,1,1,0,1,0,0,0,1,0,1,0,0,0,0,0,0,0,0,0,0,0,0,1,0,0.0,46.31999999999988,2
204,1,1,1,1,1,1,0,1,0,1,0,1,0,1,1,0,1,1,1,1,1,0,0,0,1,1,0,0,1,0,0,0,0,0,0,0,0,0,0,1,0.025,56.3599999999995,2
205,1,1,0,1,1,1,0,0,1,1,0,1,1,1,0,1,1,0,1,1,0,0,1,0,0,1,1,0,1,0,0,0,0,1,0,1,0,1,0,0,0.0,47.63999999999993,2
206,1,1,0,1,1,1,0,0,1,1,0,1,1,1,0,1,1,0,1,1,0,0,1,0,1,0,1,0,1,0,0,0,0,1,0,1,0,1,0,0,0.0,47.63999999999993,1
207,1,1,0,1,1,1,0,0,1,1,0,1,1,1,0,1,0,0,1,1,0,0,1,0,0,1,1,0,0,0,0,0,0,1,0,0,0,1,0,0,0.0,47.639999999999816,1
208,1,1,0,1,1,1,0,0,1,1,0,1,1,1,0,1,1,0,1,1,0,0,1,0,1,0,1,0,1,0,0,0,0,1,1,0,0,1,0,0,0.0,47.63999999999993,1
209,1,1,0,1,1,1,0,0,1,1,0,0,1,1,0,1,1,0,1,1,0,0,1,0,0,1,0,0,1,0,0,0,0,0,0,1,0,1,0,0,0.0,47.639999999999816,2
210,1,1,0,1,1,1,0,0,1,1,0,1,1,1,0,1,1,0,1,1,0,0,1,0,0,1,1,0,1,0,0,0,1,0,0,1,0,1,0,0,0.0,47.63999999999993,2
211,1,1,0,1,1,1,0,0,1,1,0,1,1,1,0,0,1,0,1,1,0,0,1,0,1,0,1,0,0,0,0,0,0,0,1,0,0,1,0,0,0.0,47.639999999999816,1
212,1,1,0,1,1,1,0,0,1,1,0,1,1,1,0,1,1,0,1,1,0,0,1,0,1,0,1,0,1,0,0,0,1,0,0,1,0,1,0,0,0.0,47.63999999999993,2
213,1,1,0,1,1,1,0,0,1,1,0,1,1,1,0,1,1,0,1,1,0,0,1,0,1,0,1,0,1,0,0,0,1,0,1,0,0,1,0,0,0.0,47.63999999999993,1
214,1,1,0,1,1,1,0,0,1,1,0,1,1,1,0,0,1,0,1,1,0,0,1,0,1,0,1,0,0,0,0,0,0,0,0,1,0,1,0,0,0.0,47.639999999999816,3
215,1,1,0,1,1,1,0,0,1,1,0,1,1,1,0,0,1,0,1,1,0,0,1,0,0,1,1,0,0,0,0,0,0,0,1,0,0,1,0,0,0.0,47.639999999999816,1
216,1,1,0,1,1,1,0,0,1,1,0,1,1,1,0,1,1,0,1,1,0,0,1,0,0,1,1,0,1,0,0,0,1,0,1,0,0,1,0,0,0.0,47.63999999999993,3
217,1,1,0,1,1,1,0,0,1,1,0,0,1,1,0,1,0,0,1,1,0,0,1,0,0,1,0,0,0,0,0,0,0,0,0,0,0,1,0,0,0.0,47.63999999999993,2
218,1,1,0,1,1,1,0,0,1,1,0,0,1,1,0,1,1,0,1,1,0,0,1,0,1,0,0,0,1,0,0,0,0,0,1,0,0,1,0,0,0.0,47.639999999999816,2
219,1,1,0,1,1,1,0,0,1,1,0,1,1,1,0,0,1,0,1,1,0,0,1,0,0,1,1,0,0,0,0,0,0,0,0,1,0,1,0,0,0.0,47.639999999999816,3
220,1,1,0,1,1,1,0,0,1,1,0,1,1,1,0,1,1,0,1,1,0,0,1,0,0,1,1,0,1,0,0,0,0,1,1,0,0,1,0,0,0.0,47.63999999999993,1
221,1,1,0,1,1,1,0,0,1,1,0,1,0,1,0,1,1,0,1,1,0,0,1,0,0,1,0,0,1,0,0,0,1,0,0,0,0,1,0,0,0.0,47.64000000000004,1
222,1,1,0,1,1,1,0,0,1,1,0,1,0,1,0,1,1,0,1,1,0,0,1,0,0,1,0,0,1,0,0,0,0,1,0,0,0,1,0,0,0.0,47.64000000000004,2
223,1,1,0,1,1,1,0,0,1,1,0,1,0,1,0,1,1,0,1,1,0,0,1,0,1,0,0,0,1,0,0,0,0,1,0,0,0,1,0,0,0.0,47.64000000000004,4
224,1,1,0,1,1,1,0,0,1,1,0,1,0,1,0,0,1,0,1,1,0,0,1,0,1,0,0,0,0,0,0,0,0,0,0,0,0,1,0,0,0.0,47.63999999999993,3
225,1,1,0,1,1,1,0,0,1,1,0,1,0,1,0,1,1,0,1,1,0,0,1,0,1,0,0,0,1,0,0,0,1,0,0,0,0,1,0,0,0.0,47.64000000000004,2
226,1,1,0,1,1,0,1,0,1,1,0,1,1,1,0,1,0,0,1,1,0,0,0,1,1,0,1,0,0,0,0,0,1,0,0,0,0,0,1,0,0.0,47.799999999999784,2
227,1,1,0,1,1,0,1,0,1,1,0,1,1,1,0,1,1,0,1,1,0,0,0,1,0,1,1,0,1,0,0,0,0,1,1,0,0,0,1,0,0.0,47.799999999999784,1
228,1,1,0,1,1,0,1,0,1,1,0,0,1,1,0,1,1,0,1,1,0,0,0,1,0,1,0,0,1,0,0,0,0,0,0,1,0,0,1,0,0.0,47.79999999999967,2
229,1,1,0,1,1,0,1,0,1,1,0,1,1,1,0,0,1,0,1,1,0,0,0,1,1,0,1,0,0,0,0,0,0,0,0,1,0,0,1,0,0.0,47.79999999999967,1
230,1,1,0,1,1,0,1,0,1,1,0,0,1,1,0,1,1,0,1,1,0,0,0,1,1,0,0,0,1,0,0,0,0,0,0,1,0,0,1,0,0.0,47.79999999999967,3
231,1,1,0,1,1,0,1,0,1,1,0,1,1,1,0,1,1,0,1,1,0,0,0,1,1,0,1,0,1,0,0,0,0,1,1,0,0,0,1,0,0.0,47.799999999999784,1
232,1,1,0,1,1,0,1,0,1,1,0,1,1,1,0,0,1,0,1,1,0,0,0,1,0,1,1,0,0,0,0,0,0,0,1,0,0,0,1,0,0.0,47.79999999999967,1
233,1,1,0,1,1,0,1,0,1,1,0,1,1,1,0,0,1,0,1,1,0,0,0,1,1,0,1,0,0,0,0,0,0,0,1,0,0,0,1,0,0.0,47.79999999999967,4
234,1,1,0,1,1,0,1,0,1,1,0,0,1,1,0,1,0,0,1,1,0,0,0,1,1,0,0,0,0,0,0,0,0,0,0,0,0,0,1,0,0.0,47.7999999999999,2
235,1,1,0,1,1,0,1,0,1,1,0,1,1,1,0,1,0,0,1,1,0,0,0,1,1,0,1,0,0,0,0,0,0,1,0,0,0,0,1,0,0.0,47.799999999999784,1
236,1,1,0,1,1,0,1,0,1,1,0,1,1,1,0,1,1,0,1,1,0,0,0,1,1,0,1,0,1,0,0,0,1,0,0,1,0,0,1,0,0.0,47.799999999999784,5
237,1,1,0,1,1,0,1,0,1,1,0,1,1,1,0,0,1,0,1,1,0,0,0,1,0,1,1,0,0,0,0,0,0,0,0,1,0,0,1,0,0.0,47.79999999999967,3
238,1,1,0,1,1,0,1,0,1,1,0,1,1,1,0,1,1,0,1,1,0,0,0,1,1,0,1,0,1,0,0,0,1,0,1,0,0,0,1,0,0.0,47.799999999999784,3
239,1,1,0,1,1,0,1,0,1,1,0,1,1,1,0,1,1,0,1,1,0,0,0,1,1,0,1,0,1,0,0,0,0,1,0,1,0,0,1,0,0.0,47.799999999999784,2
240,1,1,0,1,1,0,1,0,1,1,0,1,0,1,0,1,1,0,1,1,0,0,0,1,1,0,0,0,1,0,0,0,0,1,0,0,0,0,1,0,0.0,47.7999999999999,1
241,1,1,0,1,1,0,1,0,1,1,0,1,0,1,0,1,1,0,1,1,0,0,0,1,0,1,0,0,1,0,0,0,1,0,0,0,0,0,1,0,0.0,47.7999999999999,2
242,1,1,0,1,1,0,1,0,1,1,0,1,0,1,0,0,1,0,1,1,0,0,0,1,1,0,0,0,0,0,0,0,0,0,0,0,0,0,1,0,0.0,47.7999999999999,2
243,1,1,0,1,1,0,1,0,1,1,0,1,0,1,0,1,1,0,1,1,0,0,0,1,0,1,0,0,1,0,0,0,0,1,0,0,0,0,1,0,0.0,47.7999999999999,3
244,1,1,0,1,1,0,1,0,1,1,0,1,0,1,0,1,1,0,1,1,0,0,0,1,1,0,0,0,1,0,0,0,1,0,0,0,0,0,1,0,0.0,47.7999999999999,1
245,1,1,0,1,1,0,1,0,1,1,0,1,0,1,0,0,1,0,1,1,0,0,0,1,0,1,0,0,0,0,0,0,0,0,0,0,0,0,1,0,0.0,47.7999999999999,1
246,1,1,0,1,1,0,1,1,0,1,0,1,1,1,0,1,1,0,1,1,0,1,0,0,1,0,1,0,1,0,0,0,1,0,0,1,1,0,0,0,0.0,48.01999999999981,1
247,1,1,0,1,1,0,1,1,0,1,0,1,1,1,0,1,1,0,1,1,0,1,0,0,1,0,1,0,1,0,0,0,1,0,1,0,1,0,0,0,0.0,48.01999999999981,1
248,1,1,0,1,1,0,1,1,0,1,0,1,1,1,0,1,0,0,1,1,0,1,0,0,0,1,1,0,0,0,0,0,1,0,0,0,1,0,0,0,0.0,48.01999999999981,1
249,1,1,0,1,1,0,1,1,0,1,0,1,1,1,0,1,1,0,1,1,0,1,0,0,1,0,1,0,1,0,0,0,0,1,0,1,1,0,0,0,0.0,48.01999999999981,2
250,1,1,0,1,1,0,1,1,0,1,0,1,1,1,0,1,0,0,1,1,0,1,0,0,1,0,1,0,0,0,0,0,0,1,0,0,1,0,0,0,0.0,48.01999999999981,1
251,1,1,0,1,1,0,1,1,0,1,0,1,1,1,0,0,1,0,1,1,0,1,0,0,0,1,1,0,0,0,0,0,0,0,0,1,1,0,0,0,0.0,48.0199999999997,1
252,1,1,0,1,1,0,1,1,0,1,0,1,1,1,0,1,1,0,1,1,0,1,0,0,0,1,1,0,1,0,0,0,0,1,0,1,1,0,0,0,0.0,48.01999999999981,1
253,1,1,0,1,1,0,1,1,0,1,0,1,1,1,0,1,0,0,1,1,0,1,0,0,1,0,1,0,0,0,0,0,1,0,0,0,1,0,0,0,0.0,48.01999999999981,1
254,1,1,0,1,1,0,1,1,0,1,0,0,1,1,0,1,1,0,1,1,0,1,0,0,0,1,0,0,1,0,0,0,0,0,0,1,1,0,0,0,0.0,48.0199999999997,3
255,1,1,0,1,1,0,1,1,0,1,0,0,1,1,0,1,1,0,1,1,0,1,0,0,1,0,0,0,1,0,0,0,0,0,1,0,1,0,0,0,0.0,48.0199999999997,3
256,1,1,0,1,1,0,1,1,0,1,0,0,1,1,0,1,1,0,1,1,0,1,0,0,1,0,0,0,1,0,0,0,0,0,0,1,1,0,0,0,0.0,48.0199999999997,2
257,1,1,0,1,1,0,1,1,0,1,0,1,1,1,0,1,1,0,1,1,0,1,0,0,0,1,1,0,1,0,0,0,0,1,1,0,1,0,0,0,0.0,48.01999999999981,3
258,1,1,0,1,1,0,1,1,0,1,0,1,1,1,0,1,1,0,1,1,0,1,0,0,0,1,1,0,1,0,0,0,1,0,1,0,1,0,0,0,0.0,48.01999999999981,3
259,1,1,0,1,1,0,1,1,0,1,0,0,1,1,0,1,1,0,1,1,0,1,0,0,0,1,0,0,1,0,0,0,0,0,1,0,1,0,0,0,0.0,48.0199999999997,1
260,1,1,0,1,1,0,1,1,0,1,0,1,1,1,0,0,1,0,1,1,0,1,0,0,1,0,1,0,0,0,0,0,0,0,0,1,1,0,0,0,0.0,48.0199999999997,3
261,1,1,0,1,1,0,1,1,0,1,0,1,0,1,0,1,1,0,1,1,0,1,0,0,0,1,0,0,1,0,0,0,0,1,0,0,1,0,0,0,0.0,48.019999999999925,1
262,1,1,0,1,1,0,1,1,0,1,0,1,0,1,0,0,1,0,1,1,0,1,0,0,1,0,0,0,0,0,0,0,0,0,0,0,1,0,0,0,0.0,48.019999999999925,2
263,1,1,0,1,1,0,1,1,0,1,0,1,0,1,0,1,1,0,1,1,0,1,0,0,1,0,0,0,1,0,0,0,1,0,0,0,1,0,0,0,0.0,48.019999999999925,2
264,1,1,0,1,1,1,0,1,0,1,0,1,0,1,0,1,1,0,1,1,1,0,0,0,0,1,0,0,1,0,0,0,1,0,0,0,0,0,0,1,0.0,48.07999999999987,1
265,1,1,0,1,1,1,0,1,0,1,0,1,0,1,0,1,1,0,1,1,1,0,0,0,0,1,0,0,1,0,0,0,0,1,0,0,0,0,0,1,0.0,48.07999999999987,2
266,1,1,0,1,1,1,0,1,0,1,0,1,1,1,0,1,0,0,1,1,1,0,0,0,0,1,1,0,0,0,0,0,0,1,0,0,0,0,0,1,0.0,48.07999999999987,1
267,1,1,0,1,1,1,0,1,0,1,0,1,1,1,0,1,1,0,1,1,1,0,0,0,1,0,1,0,1,0,0,0,0,1,0,1,0,0,0,1,0.0,48.07999999999976,2
268,1,1,0,1,1,1,0,1,0,1,0,1,1,1,0,1,1,0,1,1,1,0,0,0,0,1,1,0,1,0,0,0,0,1,0,1,0,0,0,1,0.0,48.07999999999976,2
269,1,1,0,1,1,1,0,1,0,1,0,1,1,1,0,1,1,0,1,1,1,0,0,0,0,1,1,0,1,0,0,0,1,0,0,1,0,0,0,1,0.0,48.07999999999976,1
270,1,1,0,1,1,1,0,1,0,1,0,0,1,1,0,1,0,0,1,1,1,0,0,0,1,0,0,0,0,0,0,0,0,0,0,0,0,0,0,1,0.0,48.07999999999987,1
271,1,1,0,1,1,1,0,1,0,1,0,1,1,1,0,1,1,0,1,1,1,0,0,0,0,1,1,0,1,0,0,0,1,0,1,0,0,0,0,1,0.0,48.07999999999976,1
272,1,1,0,1,1,1,0,1,0,1,0,0,1,1,0,1,1,0,1,1,1,0,0,0,1,0,0,0,1,0,0,0,0,0,0,1,0,0,0,1,0.0,48.07999999999964,1
273,1,1,0,1,1,1,0,1,0,1,0,1,1,1,0,1,1,0,1,1,1,0,0,0,0,1,1,0,1,0,0,0,0,1,1,0,0,0,0,1,0.0,48.07999999999976,2
274,1,1,0,1,1,1,0,1,0,1,0,1,0,1,0,1,1,0,1,1,1,0,0,0,1,0,0,0,1,0,0,0,0,1,0,0,0,0,0,1,0.0,48.07999999999987,3
275,1,1,0,1,1,1,0,1,0,1,0,0,1,1,0,1,1,0,1,1,1,0,0,0,1,0,0,0,1,0,0,0,0,0,1,0,0,0,0,1,0.0,48.07999999999964,3
276,1,1,0,1,1,1,0,1,0,1,0,0,1,1,0,1,1,0,1,1,1,0,0,0,0,1,0,0,1,0,0,0,0,0,0,1,0,0,0,1,0.0,48.07999999999964,2
277,1,1,0,1,1,1,0,1,0,1,0,1,1,1,0,1,1,0,1,1,1,0,0,0,1,0,1,0,1,0,0,0,1,0,0,1,0,0,0,1,0.0,48.07999999999976,2
278,1,1,0,1,1,1,0,1,0,1,0,1,0,1,0,0,1,0,1,1,1,0,0,0,0,1,0,0,0,0,0,0,0,0,0,0,0,0,0,1,0.0,48.07999999999987,1
279,1,1,0,1,1,1,0,1,0,1,0,1,1,1,0,1,1,0,1,1,1,0,0,0,1,0,1,0,1,0,0,0,1,0,1,0,0,0,0,1,0.0,48.07999999999976,3
280,1,1,0,1,1,1,0,1,0,1,0,1,1,1,0,1,1,0,1,1,1,0,0,0,1,0,1,0,1,0,0,0,0,1,1,0,0,0,0,1,0.0,48.07999999999976,1
281,1,1,0,1,1,1,0,1,0,1,0,1,1,1,0,0,1,0,1,1,1,0,0,0,1,0,1,0,0,0,0,0,0,0,0,1,0,0,0,1,0.0,48.07999999999964,5
282,1,1,0,1,1,1,0,1,0,1,0,1,1,1,0,0,1,0,1,1,1,0,0,0,1,0,1,0,0,0,0,0,0,0,1,0,0,0,0,1,0.0,48.07999999999964,1
283,1,1,0,1,1,1,0,1,0,1,0,1,0,1,0,1,1,0,1,1,1,0,0,0,1,0,0,0,1,0,0,0,1,0,0,0,0,0,0,1,0.0,48.07999999999987,3
284,1,1,0,1,1,1,0,1,0,1,0,0,1,1,0,1,1,0,1,1,1,0,0,0,0,1,0,0,1,0,0,0,0,0,1,0,0,0,0,1,0.0,48.07999999999964,1
285,1,1,0,1,1,1,0,1,0,1,0,1,1,1,0,0,1,0,1,1,1,0,0,0,0,1,1,0,0,0,0,0,0,0,0,1,0,0,0,1,0.0,48.07999999999964,4
286,0,0,1,1,0,1,0,0,1,1,1,1,0,0,0,0,0,1,1,0,0,0,1,0,0,1,0,0,0,0,0,0,0,0,0,0,0,1,0,0,0.025,145.7000000000002,2
287,1,0,1,0,0,1,0,1,0,1,1,1,0,0,0,0,0,1,1,0,1,0,0,0,1,0,0,0,0,0,0,0,0,0,0,0,0,0,0,1,0.025,146.43999999999997,1
288,1,0,1,0,0,1,0,1,0,1,1,1,0,0,0,0,0,1,1,0,1,0,0,0,0,1,0,0,0,0,0,0,0,0,0,0,0,0,0,1,0.025,146.43999999999997,1
289,1,0,1,0,0,0,1,0,1,1,1,1,0,0,0,0,0,1,1,0,0,0,0,1,1,0,0,0,0,0,0,0,0,0,0,0,0,0,1,0,0.025,146.52000000000012,1
290,1,0,0,1,0,1,0,0,1,1,1,1,0,0,0,0,0,0,1,0,0,0,1,0,0,0,0,0,0,0,0,1,0,0,0,0,0,1,0,0,0.025,148.14000000000001,1
291,1,0,0,1,0,1,0,1,0,1,1,1,0,0,0,0,0,0,1,0,1,0,0,0,0,0,0,0,0,0,1,0,0,0,0,0,0,0,0,1,0.025,148.28000000000011,1
292,1,0,0,1,0,0,1,1,0,1,1,1,0,0,0,0,0,1,1,0,0,1,0,0,0,1,0,0,0,0,0,0,0,0,0,0,1,0,0,0,0.025,148.42000000000021,1
293,1,0,0,1,0,0,1,1,0,1,1,1,0,0,0,0,0,0,1,0,0,1,0,0,0,0,0,0,0,0,0,1,0,0,0,0,1,0,0,0,0.025,148.42,1
294,1,1,1,1,1,1,0,0,1,1,1,1,0,1,1,1,1,1,1,1,0,0,1,0,1,1,1,0,0,1,1,0,0,1,0,0,0,1,0,0,0.0,55.9999999999996,1
295,1,1,1,1,1,1,0,0,1,1,1,1,1,1,0,1,1,1,1,1,0,0,1,0,1,1,0,1,1,0,0,0,1,0,0,1,0,1,0,0,0.0,55.99999999999994,1
296,1,1,1,1,1,1,0,0,1,1,1,1,1,1,0,0,1,1,1,1,0,0,1,0,1,1,0,1,0,0,0,0,0,0,0,1,0,1,0,0,0.0,56.00000000000006,1
297,1,1,1,1,1,1,0,0,1,1,1,0,1,1,0,1,1,1,1,1,0,0,1,0,1,1,1,0,1,0,0,0,0,0,0,1,0,1,0,0,0.0,55.9999999999996,1
298,1,1,1,1,1,1,0,0,1,1,0,0,1,1,1,1,0,1,1,1,0,0,1,0,1,1,0,0,1,0,0,0,0,0,0,0,0,1,0,0,0.0,55.9999999999996,1
299,1,1,1,1,1,1,0,0,1,1,0,1,1,1,1,1,1,1,1,1,0,0,1,0,1,1,1,0,0,1,0,0,1,0,0,1,0,1,0,0,0.0,55.9999999999996,1
300,1,1,1,1,1,1,0,0,1,1,0,0,1,1,1,1,1,1,1,1,0,0,1,0,1,1,0,0,0,1,0,0,0,0,1,0,0,1,0,0,0.0,55.9999999999996,1
301,1,1,1,1,1,0,1,0,1,1,1,1,0,1,1,1,1,1,1,1,0,0,0,1,1,1,1,0,0,1,1,0,0,1,0,0,0,0,1,0,0.0,56.159999999999684,1
302,1,1,1,1,1,0,1,0,1,1,1,1,1,1,0,1,1,1,1,1,0,0,0,1,1,1,0,1,1,0,0,0,1,0,1,0,0,0,1,0,0.0,56.1599999999998,1
303,1,1,1,1,1,0,1,0,1,1,1,1,0,1,1,1,1,1,1,1,0,0,0,1,1,1,1,0,0,1,1,0,1,0,0,0,0,0,1,0,0.0,56.159999999999684,1
304,1,1,1,1,1,0,1,0,1,1,1,1,1,1,0,1,1,1,1,1,0,0,0,1,1,1,0,1,1,0,0,0,0,1,0,1,0,0,1,0,0.0,56.1599999999998,1
305,1,1,1,1,1,0,1,0,1,1,1,0,1,1,1,1,1,1,1,1,0,0,0,1,1,1,1,0,0,1,0,1,0,0,0,1,0,0,1,0,0.0,56.159999999999684,1
306,1,1,1,1,1,0,1,0,1,1,0,1,1,1,1,0,1,1,1,1,0,0,0,1,1,1,1,0,1,0,0,0,0,0,0,1,0,0,1,0,0.0,56.15999999999957,1
307,1,1,1,1,1,0,1,0,1,1,1,1,0,1,0,1,1,1,1,1,0,0,0,1,1,1,1,0,1,0,0,0,0,1,0,0,0,0,1,0,0.0,56.15999999999957,1
308,1,1,1,1,1,0,1,0,1,1,1,0,1,1,0,1,1,1,1,1,0,0,0,1,1,1,1,0,1,0,0,0,0,0,0,1,0,0,1,0,0.0,56.15999999999957,1
309,1,1,1,1,1,0,1,0,1,1,1,0,0,1,1,1,1,1,1,1,0,0,0,1,1,1,0,0,0,1,0,1,0,0,0,0,0,0,1,0,0.0,56.15999999999946,1
310,1,1,1,1,1,0,1,0,1,1,1,0,1,1,1,1,0,1,1,1,0,0,0,1,1,1,1,0,1,0,0,1,0,0,0,0,0,0,1,0,0.0,56.15999999999957,1
311,1,1,1,1,1,0,1,0,1,1,1,0,0,1,0,1,1,1,1,1,0,0,0,1,1,1,0,0,1,0,0,0,0,0,0,0,0,0,1,0,0.0,56.15999999999957,1
312,1,1,1,1,1,0,1,1,0,1,1,1,1,1,1,0,1,1,1,1,0,1,0,0,1,1,0,1,1,0,0,1,0,0,0,1,1,0,0,0,0.0,56.34000000000009,1
313,1,1,1,1,1,0,1,1,0,1,1,1,1,1,1,0,1,1,1,1,0,1,0,0,1,1,0,1,1,0,0,1,0,0,1,0,1,0,0,0,0.0,56.34000000000009,1
314,1,1,1,1,1,0,1,1,0,1,1,1,1,1,1,0,1,1,1,1,0,1,0,0,1,1,0,1,1,0,1,0,0,0,1,0,1,0,0,0,0.0,56.34000000000009,1
315,1,1,1,1,1,0,1,1,0,1,1,1,1,1,0,1,1,1,1,1,0,1,0,0,1,1,0,1,1,0,0,0,1,0,0,1,1,0,0,0,0.0,56.34000000000009,2
316,1,1,1,1,1,0,1,1,0,1,1,0,1,1,1,1,0,1,1,1,0,1,0,0,1,1,1,0,1,0,1,0,0,0,0,0,1,0,0,0,0.0,56.339999999999634,1
317,1,1,1,1,1,0,1,1,0,1,1,1,1,1,0,1,1,1,1,1,0,1,0,0,1,1,0,1,1,0,0,0,0,1,1,0,1,0,0,0,0.0,56.34000000000009,1
318,1,1,1,1,1,0,1,1,0,1,1,0,1,1,1,1,1,1,1,1,0,1,0,0,1,1,1,0,0,1,1,0,0,0,0,1,1,0,0,0,0.0,56.33999999999952,1
319,1,1,1,1,1,0,1,1,0,1,1,1,1,1,0,1,1,1,1,1,0,1,0,0,1,1,0,1,1,0,0,0,1,0,1,0,1,0,0,0,0.0,56.34000000000009,1
320,1,1,1,1,1,0,1,1,0,1,1,1,0,1,1,0,1,1,1,1,0,1,0,0,1,1,1,0,1,0,1,0,0,0,0,0,1,0,0,0,0.0,56.339999999999634,1
321,1,1,1,1,1,0,1,1,0,1,1,0,1,1,0,1,1,1,1,1,0,1,0,0,1,1,1,0,1,0,0,0,0,0,1,0,1,0,0,0,0.0,56.339999999999634,1
322,1,1,1,1,1,0,1,1,0,1,1,1,0,1,0,1,1,1,1,1,0,1,0,0,1,1,1,0,1,0,0,0,0,1,0,0,1,0,0,0,0.0,56.339999999999634,1
323,1,1,1,1,1,0,1,1,0,1,1,1,0,1,0,1,1,1,1,1,0,1,0,0,1,1,1,0,1,0,0,0,1,0,0,0,1,0,0,0,0.0,56.339999999999634,1
324,1,1,1,1,1,0,1,1,0,1,0,0,1,1,1,1,1,1,1,1,0,1,0,0,1,1,0,0,0,1,0,0,0,0,0,1,1,0,0,0,0.0,56.33999999999952,1
325,1,1,1,1,1,0,1,1,0,1,1,1,0,1,0,0,1,1,1,1,0,1,0,0,1,1,1,0,0,0,0,0,0,0,0,0,1,0,0,0,0.0,56.33999999999975,1
326,1,1,1,1,1,0,1,1,0,1,0,1,1,1,1,1,1,1,1,1,0,1,0,0,1,1,1,0,0,1,0,0,0,1,1,0,1,0,0,0,0.0,56.33999999999952,1
327,1,1,1,1,1,0,1,1,0,1,0,1,0,1,1,0,1,1,1,1,0,1,0,0,1,1,0,0,1,0,0,0,0,0,0,0,1,0,0,0,0.0,56.33999999999952,1
328,1,1,1,1,1,0,1,1,0,1,1,0,0,1,0,1,1,1,1,1,0,1,0,0,1,1,0,0,1,0,0,0,0,0,0,0,1,0,0,0,0.0,56.33999999999952,1
329,1,1,1,1,1,0,1,1,0,1,0,1,1,1,1,0,0,1,1,1,0,1,0,0,1,1,1,0,0,0,0,0,0,0,0,0,1,0,0,0,0.0,56.33999999999975,1
330,1,1,1,1,1,1,0,1,0,1,1,1,1,1,1,1,0,1,1,1,1,0,0,0,1,1,0,1,1,0,1,0,1,0,0,0,0,0,0,1,0.0,56.35999999999984,1
331,1,1,1,1,1,1,0,1,0,1,1,1,1,1,1,0,1,1,1,1,1,0,0,0,1,1,0,1,1,0,1,0,0,0,1,0,0,0,0,1,0.0,56.35999999999984,1
332,1,1,1,1,1,1,0,1,0,1,1,1,1,1,1,1,1,1,1,1,1,0,0,0,1,1,0,1,0,1,0,1,0,1,0,1,0,0,0,1,0.0,56.36000000000007,1
333,1,1,1,1,1,1,0,1,0,1,1,0,1,1,1,1,0,1,1,1,1,0,0,0,1,1,1,0,1,0,1,0,0,0,0,0,0,0,0,1,0.0,56.3599999999995,1
334,1,1,1,1,1,1,0,1,0,1,1,1,1,1,0,0,1,1,1,1,1,0,0,0,1,1,0,1,0,0,0,0,0,0,0,1,0,0,0,1,0.0,56.35999999999996,1
335,1,1,1,1,1,1,0,1,0,1,1,1,1,1,0,1,1,1,1,1,1,0,0,0,1,1,0,1,1,0,0,0,1,0,1,0,0,0,0,1,0.0,56.35999999999984,1
336,1,1,1,1,1,1,0,1,0,1,1,1,1,1,0,1,1,1,1,1,1,0,0,0,1,1,0,1,1,0,0,0,0,1,1,0,0,0,0,1,0.0,56.35999999999984,1
337,1,1,1,1,1,1,0,1,0,1,1,1,1,1,0,1,0,1,1,1,1,0,0,0,1,1,0,1,0,0,0,0,0,1,0,0,0,0,0,1,0.0,56.35999999999996,1
338,1,1,1,1,1,1,0,1,0,1,1,1,1,1,1,1,1,1,1,1,1,0,0,0,1,1,0,1,0,1,0,1,0,1,1,0,0,0,0,1,0.0,56.36000000000007,1
339,1,1,1,1,1,1,0,1,0,1,1,0,0,1,0,1,1,1,1,1,1,0,0,0,1,1,0,0,1,0,0,0,0,0,0,0,0,0,0,1,0.0,56.3599999999995,2
340,1,1,1,1,1,1,0,1,0,1,1,1,0,1,0,1,1,1,1,1,1,0,0,0,1,1,1,0,1,0,0,0,0,1,0,0,0,0,0,1,0.0,56.3599999999995,1
341,1,1,1,1,1,1,0,1,0,1,1,0,1,1,0,1,1,1,1,1,1,0,0,0,1,1,1,0,1,0,0,0,0,0,1,0,0,0,0,1,0.0,56.3599999999995,1
342,1,1,1,1,1,1,0,1,0,1,0,1,0,1,1,1,1,1,1,1,1,0,0,0,1,1,0,0,0,1,0,0,1,0,0,0,0,0,0,1,0.0,56.35999999999973,1
343,1,1,1,1,1,1,0,1,0,1,0,0,1,1,1,1,0,1,1,1,1,0,0,0,1,1,0,0,1,0,0,0,0,0,0,0,0,0,0,1,0.0,56.3599999999995,1
344,1,1,1,1,1,1,0,1,0,1,0,1,1,1,1,1,1,1,1,1,1,0,0,0,1,1,1,0,0,1,0,0,0,1,0,1,0,0,0,1,0.0,56.3599999999995,1
345,1,1,1,1,1,1,0,1,0,1,0,1,1,1,1,0,1,1,1,1,1,0,0,0,1,1,1,0,1,0,0,0,0,0,0,1,0,0,0,1,0.0,56.3599999999995,2
346,1,1,1,1,0,1,0,1,0,1,1,1,0,1,1,0,0,1,1,0,1,0,0,0,0,1,0,0,0,0,0,1,0,0,0,0,0,0,0,1,0.05,109.13999999999982,1
347,1,0,1,1,0,0,1,0,0,1,1,1,0,0,0,0,0,1,1,0,0,0,0,0,1,0,0,0,0,0,0,0,0,0,0,0,0,0,0,0,0.025,155.16,1
348,1,0,1,1,0,0,1,0,1,1,1,1,0,0,0,0,0,1,1,0,0,0,0,0,1,0,0,0,0,0,0,0,0,0,0,0,0,0,1,0,0.025,155.16,1
349,1,0,1,1,0,0,0,0,1,1,1,1,0,0,0,0,0,1,1,0,0,0,0,0,1,0,0,0,0,0,0,0,0,0,0,0,0,0,0,0,0.025,155.16,1
350,1,0,1,1,0,0,1,0,1,1,1,1,0,0,0,0,0,1,1,0,0,0,0,1,1,1,0,0,0,0,0,0,0,0,0,0,0,0,1,0,0.025,156.35999999999981,1
351,1,0,1,1,0,0,1,0,1,1,1,1,0,0,1,0,0,1,1,0,0,0,0,1,1,0,0,0,1,0,1,0,0,0,0,0,0,0,1,0,0.025,156.35999999999981,1
352,1,0,1,1,0,1,0,0,1,1,1,1,0,0,0,0,0,1,1,0,0,0,1,0,0,1,0,0,0,0,0,1,0,0,0,0,0,1,0,0,0.025,156.49999999999991,1
353,1,0,1,1,0,1,0,0,1,1,1,1,0,0,0,0,0,1,1,0,0,0,1,0,1,0,0,0,1,0,0,0,0,0,0,0,0,1,0,0,0.025,156.49999999999991,1
354,1,0,1,1,0,1,0,1,0,1,1,1,0,0,0,0,0,1,1,0,1,0,0,0,1,0,0,0,0,0,0,1,0,0,0,0,0,0,0,1,0.025,156.55999999999986,1
355,1,0,1,1,0,1,0,1,0,1,1,1,0,0,0,0,0,1,1,0,1,0,0,0,1,0,0,0,0,0,1,0,0,0,0,0,0,0,0,1,0.025,156.55999999999986,1
356,1,0,1,1,0,1,0,1,0,1,1,1,0,1,1,0,0,1,1,0,1,0,0,0,0,1,0,0,0,0,1,0,0,0,0,0,0,0,0,1,0.025,156.55999999999963,2
357,1,0,1,1,0,1,0,1,0,1,1,1,0,1,1,0,0,1,1,0,1,0,0,0,1,0,0,0,0,0,0,1,0,0,0,0,0,0,0,1,0.025,156.55999999999963,1
358,1,0,1,1,0,0,1,1,0,1,1,1,0,0,0,0,0,1,1,0,0,1,0,0,0,1,0,0,0,0,0,0,0,0,0,1,1,0,0,0,0.025,156.73999999999992,1
359,1,0,1,1,0,0,1,0,1,1,1,1,0,0,0,0,0,1,1,0,0,0,1,1,1,0,0,0,0,0,0,0,0,0,0,0,0,1,1,0,0.025,157.69999999999996,1
360,1,0,1,1,0,1,0,1,0,1,1,1,0,0,0,0,0,1,1,0,1,0,0,1,1,0,0,0,0,0,0,0,0,0,0,0,0,0,0,1,0.025,157.7599999999999,1
361,1,0,1,1,0,1,0,1,1,1,1,1,0,0,0,0,0,1,1,0,1,0,1,0,0,1,0,0,0,0,0,0,0,0,0,0,0,1,0,1,0.025,157.89999999999955,1
362,1,0,1,1,0,0,1,0,1,1,1,1,0,0,0,0,0,1,1,0,0,1,0,1,0,1,0,0,0,0,0,0,0,0,0,0,0,0,1,0,0.025,157.93999999999997,1
363,1,0,1,1,0,0,1,0,1,1,1,1,0,0,0,0,0,1,1,0,0,1,0,1,0,1,0,0,0,0,0,0,0,0,0,0,1,0,1,0,0.025,157.93999999999997,1
364,1,0,1,1,0,0,1,1,0,1,1,1,0,0,0,0,0,1,1,0,1,1,0,0,1,0,0,0,0,0,0,0,0,0,0,0,1,0,0,1,0.025,158.1399999999998,1
365,1,0,1,1,0,1,1,1,0,1,1,1,0,0,0,0,0,1,1,0,1,1,0,0,1,0,0,0,0,0,0,0,0,0,0,0,1,0,0,1,0.025,158.13999999999956,1
366,1,0,1,1,0,0,1,1,0,1,1,1,0,0,0,0,0,1,1,0,1,1,0,0,1,0,0,0,0,0,0,0,0,0,0,0,1,0,0,0,0.025,158.1399999999998,1
367,1,0,0,0,0,0,1,0,1,1,0,1,0,0,0,0,0,0,1,0,0,0,0,1,0,0,0,0,0,0,0,0,0,0,0,0,0,0,1,0,0.025,74.48000000000008,1
368,0,1,1,1,0,1,0,1,0,1,1,1,0,1,1,0,0,1,1,0,1,0,0,0,0,1,0,0,0,0,0,1,0,0,0,0,0,0,0,1,0.025,162.0199999999999,1
369,1,1,1,0,0,0,1,1,0,1,1,1,0,1,1,0,0,1,1,0,0,1,0,0,1,0,0,0,0,0,0,1,0,0,0,0,1,0,0,0,0.025,162.73999999999992,1
370,1,1,1,0,0,1,0,0,1,1,1,1,0,1,1,0,0,1,1,0,0,0,1,0,0,1,0,0,0,0,0,1,0,0,0,0,0,1,0,0,0.025,162.7799999999999,2
371,1,1,1,0,0,0,1,0,1,1,1,1,0,1,1,0,0,1,1,0,0,0,0,1,1,0,0,0,0,0,1,0,0,0,0,0,0,0,1,0,0.025,162.7799999999999,1
372,1,0,0,1,0,0,1,0,1,1,0,1,0,0,0,0,0,0,1,0,0,0,0,0,0,0,0,0,0,0,0,0,0,0,0,0,0,0,0,0,0.025,83.48000000000013,1
373,0,0,0,1,0,0,1,1,0,1,0,1,0,0,0,0,0,0,1,0,0,1,0,0,0,0,0,0,0,0,0,0,0,0,0,0,1,0,0,0,0.0,73.94,1
374,1,0,0,1,0,0,1,0,1,1,0,1,0,0,0,0,0,0,1,0,0,0,0,1,0,0,0,0,0,0,0,1,0,0,0,0,0,0,1,0,0.025,84.3200000000001,1
375,1,0,0,0,0,0,1,0,1,1,0,1,0,0,0,0,0,0,1,0,0,0,0,1,0,0,0,0,0,0,0,0,0,0,0,0,0,0,1,0,0.0,74.48000000000008,1
376,1,0,0,0,0,1,0,0,1,1,0,1,0,0,0,0,0,0,1,0,0,0,1,0,0,0,0,0,0,0,0,0,0,0,0,0,0,1,0,0,0.0,74.48000000000008,1
377,1,0,0,1,0,0,1,1,0,1,0,1,0,0,0,0,0,0,1,0,0,1,0,0,0,0,0,0,0,0,0,1,0,0,0,0,1,0,0,0,0.025,84.74000000000018,1
378,1,0,0,1,0,1,0,1,0,1,0,1,0,0,0,0,0,0,1,0,1,1,0,0,0,0,0,0,0,0,0,0,0,0,0,0,1,0,0,1,0.025,85.86000000000018,1
379,1,1,1,1,0,1,0,1,0,1,1,1,0,1,1,0,0,1,1,0,0,0,0,0,1,0,0,0,0,0,1,0,0,0,0,0,0,0,0,0,0.025,171.41999999999993,1
380,1,1,1,1,0,1,0,0,1,1,1,1,0,1,1,0,0,1,1,0,0,0,0,0,1,0,0,0,0,0,0,1,0,0,0,0,0,1,0,0,0.025,171.41999999999987,1
381,1,1,1,1,0,1,0,0,1,1,1,1,0,1,1,0,0,1,1,0,0,0,0,0,1,0,0,0,0,0,0,1,0,0,0,0,0,0,0,0,0.025,171.41999999999993,1
382,1,1,1,1,0,0,1,1,0,1,1,1,0,1,1,0,0,1,1,0,0,0,0,0,0,1,0,0,0,0,0,1,0,0,0,0,0,0,0,0,0.025,171.41999999999993,2
383,1,1,1,1,0,0,1,0,1,1,1,1,0,1,1,0,1,1,1,0,0,0,0,1,0,1,0,0,1,0,0,1,0,0,1,0,0,0,1,0,0.025,172.6199999999998,1
384,1,1,1,1,0,0,1,0,1,1,1,1,0,1,1,0,1,1,1,0,0,0,0,1,0,1,0,0,1,0,1,0,0,0,0,1,0,0,1,0,0.025,172.6199999999998,1
385,1,1,1,1,0,0,1,0,1,1,1,1,0,1,1,0,1,1,1,0,0,0,0,1,1,0,0,0,1,0,1,0,0,0,0,1,0,0,1,0,0.025,172.6199999999998,1
386,1,1,1,1,0,0,1,0,1,1,1,1,0,1,1,0,0,1,1,0,0,0,0,1,0,1,1,0,0,0,1,0,0,0,0,0,0,0,1,0,0.025,45.25999999999982,1
387,1,1,1,1,0,0,1,0,1,1,1,1,0,1,1,0,1,1,1,0,0,0,0,1,1,0,0,0,1,0,0,1,0,0,0,1,0,0,1,0,0.025,172.6199999999998,1
388,1,1,1,1,0,0,1,0,1,1,1,1,0,1,0,1,0,1,1,0,0,0,0,1,0,1,0,0,0,0,0,0,0,0,0,0,0,0,1,0,0.025,172.6199999999998,1
389,1,1,1,1,0,0,1,0,1,1,1,1,0,1,0,0,1,1,1,0,0,0,0,1,1,0,0,0,0,0,0,0,0,0,0,1,0,0,1,0,0.025,172.6199999999998,1
390,1,1,1,1,0,1,0,0,1,1,1,1,0,1,1,0,1,1,1,0,0,0,1,0,0,1,0,0,1,0,0,1,0,0,0,1,0,1,0,0,0.025,172.7599999999999,1
391,1,1,1,1,0,1,0,0,1,1,1,1,0,1,0,0,1,1,1,0,0,0,1,0,1,0,0,0,0,0,0,0,0,0,0,1,0,1,0,0,0.025,172.7599999999999,1
392,1,1,1,1,0,1,0,1,0,1,1,1,0,1,1,0,1,1,1,0,1,0,0,0,0,1,0,0,1,0,0,1,0,0,1,0,0,0,0,1,0.025,172.81999999999985,2
393,1,1,1,1,0,1,0,1,0,1,1,1,0,1,0,0,1,1,1,0,1,0,0,0,0,1,0,0,0,0,0,0,0,0,0,1,0,0,0,1,0.025,172.81999999999985,1
394,1,1,1,1,0,1,0,1,0,1,1,1,0,1,1,0,0,1,1,0,1,0,0,0,1,0,1,0,0,0,1,0,0,0,0,0,0,0,0,1,0.025,45.45999999999975,1
395,1,1,1,1,0,1,0,1,0,1,1,1,0,1,1,0,1,1,1,0,1,0,0,0,0,1,0,0,1,0,1,0,0,0,0,1,0,0,0,1,0.025,172.81999999999985,1
396,1,1,1,1,0,1,0,1,0,1,1,1,0,1,0,0,1,1,1,0,1,0,0,0,1,0,0,0,0,0,0,0,0,0,0,1,0,0,0,1,0.025,172.81999999999985,1
397,1,1,1,1,0,1,0,1,0,1,1,1,0,1,1,0,0,1,1,0,1,0,0,0,0,1,0,0,0,0,0,0,0,0,0,0,0,0,0,1,0.025,172.81999999999985,1
398,1,1,1,1,0,0,1,1,0,1,1,1,0,1,0,0,1,1,1,0,0,1,0,0,1,0,0,0,0,0,0,0,0,0,1,0,1,0,0,0,0.025,172.99999999999991,1
399,1,1,1,1,0,0,1,1,0,1,1,1,0,1,1,0,1,1,1,0,0,1,0,0,1,0,0,0,1,0,0,1,0,0,1,0,1,0,0,0,0.025,172.99999999999991,1
400,1,1,1,1,0,0,1,0,1,1,1,1,0,1,1,0,0,1,1,0,0,0,1,1,0,1,0,0,0,0,0,1,0,0,0,0,0,1,1,0,0.025,173.95999999999995,1
401,1,1,1,1,0,1,1,0,1,1,1,1,0,1,1,0,0,1,1,0,0,0,1,1,0,1,0,0,0,0,0,1,0,0,0,0,0,1,1,0,0.025,173.95999999999972,1
402,1,1,1,1,0,0,1,0,1,1,1,1,0,1,1,0,0,1,1,0,0,1,0,1,1,0,0,0,0,0,1,0,0,0,0,0,1,0,1,0,0.025,174.19999999999996,1
403,1,1,1,1,0,0,1,1,0,1,1,1,0,1,1,0,0,1,1,0,1,1,0,0,1,0,0,0,0,0,0,1,0,0,0,0,1,0,0,1,0.025,174.39999999999978,1
404,1,1,0,1,1,1,0,1,0,1,1,1,0,1,0,0,1,0,1,1,1,0,0,0,0,1,0,0,0,0,1,0,0,0,0,0,0,0,0,1,0.025,175.43999999999974,1
405,1,0,1,0,0,1,0,1,0,1,1,0,0,0,0,0,0,1,0,0,0,0,0,0,0,0,0,0,0,0,0,0,0,0,0,0,0,0,0,1,0.0,82.48000000000013,1
406,1,0,1,1,0,0,1,0,1,1,0,1,0,0,1,0,0,1,1,0,0,0,0,1,1,0,0,0,1,0,0,0,0,0,0,0,0,0,1,0,0.025,92.6799999999999,1
407,1,0,1,0,0,0,1,0,1,1,1,1,0,0,0,0,0,1,0,0,0,0,0,1,0,0,1,0,0,0,0,0,0,1,0,0,0,0,1,0,0.0,82.84000000000009,1
408,1,0,1,0,0,1,0,1,1,1,1,0,0,0,0,0,0,1,0,0,1,0,1,0,0,0,0,0,0,0,0,0,0,0,0,0,0,1,0,1,0.0,83.11999999999995,1
409,1,0,1,0,0,1,0,0,1,1,1,0,0,0,0,0,0,1,0,0,0,0,1,1,0,0,0,0,0,0,0,0,0,0,0,0,0,1,0,0,0.0,83.20000000000022,1
410,1,0,0,1,0,0,0,0,1,1,0,1,0,0,0,0,0,0,1,0,0,0,0,0,0,0,0,0,0,0,0,0,0,0,0,0,0,0,0,0,0.0,83.48000000000013,1
411,1,0,0,1,0,0,1,0,1,1,0,1,1,0,0,0,0,0,1,0,0,0,0,1,0,0,1,0,0,0,0,0,0,0,0,1,0,0,1,0,0.0,84.32,1
412,1,0,0,1,0,0,1,0,1,1,0,1,0,0,0,0,0,0,1,0,0,0,0,1,0,0,0,0,0,0,0,0,0,0,1,0,0,0,1,0,0.0,84.3200000000001,1
413,1,0,0,0,1,1,0,0,1,1,0,0,1,0,0,0,0,0,0,1,0,0,0,0,0,0,0,0,0,0,0,0,0,0,0,0,0,1,0,0,0.0,84.48000000000013,1
414,1,0,0,1,0,1,0,1,0,1,0,1,0,0,0,1,0,0,1,0,1,0,0,0,0,0,0,0,1,0,0,0,0,1,0,0,0,0,0,1,0.0,84.60000000000008,1
415,1,0,0,1,0,0,1,1,0,1,1,1,0,0,0,0,0,1,1,0,0,1,0,0,1,0,1,0,0,0,0,0,0,0,0,0,1,0,0,0,0.0,84.74000000000018,1
416,1,0,0,1,0,0,1,1,0,1,0,1,0,0,0,0,0,0,1,0,0,1,0,0,0,1,0,0,0,0,0,0,0,0,0,0,1,0,0,0,0.0,84.74000000000007,1
417,1,0,0,1,0,0,1,1,0,1,0,1,1,0,0,0,0,0,1,0,0,1,0,0,0,0,1,0,0,0,0,0,0,0,1,0,1,0,0,0,0.0,84.74000000000007,1
418,1,0,0,1,0,0,1,1,0,1,0,1,0,0,0,1,0,0,1,0,0,1,0,0,0,0,0,0,1,0,0,0,1,0,0,0,1,0,0,0,0.0,84.74000000000007,1
419,1,0,0,1,1,0,1,0,1,1,0,1,0,0,0,0,0,0,1,1,0,0,0,1,1,0,0,0,0,0,0,0,0,0,0,0,0,0,1,0,0.025,95.21999999999997,1
420,1,0,0,0,1,1,0,1,0,1,0,0,1,0,0,0,0,0,0,1,1,0,0,0,0,0,1,0,0,0,0,0,0,0,0,0,0,0,0,1,0.0,85.38000000000017,1
421,1,0,0,0,1,1,0,1,0,1,0,1,1,0,0,0,0,0,1,1,1,0,0,0,1,0,1,0,0,0,0,0,0,0,0,0,0,0,0,1,0.0,85.38000000000005,1
422,1,0,0,0,1,1,0,1,0,1,1,0,1,0,0,0,0,1,0,1,1,0,0,0,1,0,1,0,0,0,0,0,0,0,0,0,0,0,0,1,0.0,85.38000000000005,1
423,1,0,0,0,1,0,1,0,1,1,0,1,1,0,0,0,0,0,1,1,0,0,0,1,1,0,1,0,0,0,0,0,0,0,0,0,0,0,1,0,0.0,85.38000000000005,1
424,1,0,0,1,0,0,1,0,1,1,0,1,0,0,0,0,0,0,1,0,0,1,0,1,0,0,0,0,0,0,0,0,0,0,0,0,1,0,1,0,0.0,85.5800000000001,1
425,1,0,0,1,0,1,0,1,0,1,0,1,0,0,0,0,0,0,1,0,1,1,0,0,0,0,0,0,0,0,0,0,0,0,0,0,1,0,0,1,0.0,85.86000000000018,1
426,1,0,0,0,1,1,0,0,1,1,0,0,1,0,0,0,0,0,0,1,0,0,1,1,0,0,0,0,0,0,0,0,0,0,0,0,0,1,1,0,0.0,85.98000000000008,1
427,1,1,1,1,1,0,0,0,1,1,1,1,0,1,0,0,1,1,1,1,0,0,0,0,1,1,0,0,0,0,0,0,0,0,0,0,0,0,0,0,0.025,181.41999999999976,1
428,0,1,1,0,0,0,1,0,1,0,0,0,0,1,1,0,0,1,0,0,0,0,0,1,0,0,0,0,0,0,0,0,0,0,1,0,0,0,1,0,0.0,88.30000000000024,1
429,0,1,1,1,0,0,1,1,0,1,0,1,0,1,1,0,0,1,1,0,0,1,0,0,1,0,0,0,0,0,0,0,0,0,0,0,1,0,0,0,0.025,98.51999999999992,1
430,0,1,0,1,0,1,0,0,1,0,0,0,0,1,0,1,1,0,1,1,0,0,1,0,1,0,0,0,1,0,0,0,0,0,0,0,0,1,0,0,0.0,89.92000000000002,1
431,1,1,0,0,0,1,0,1,0,1,0,0,1,1,0,0,1,0,0,1,1,0,0,0,0,0,0,0,0,0,0,0,0,0,1,0,0,0,0,1,0.0,90.74000000000018,1
432,1,1,0,1,0,1,0,0,1,1,0,1,0,1,0,0,1,0,1,0,0,0,1,0,0,0,0,0,0,0,0,0,0,0,0,1,0,1,0,0,0.025,100.71999999999997,1
433,0,1,0,0,1,1,0,1,0,0,0,0,0,1,0,0,1,0,0,1,1,0,0,0,0,0,0,0,1,0,0,0,0,0,0,0,0,0,0,1,0.0,90.8400000000002,1
434,1,1,0,1,0,1,0,1,0,1,0,1,0,1,0,0,1,0,1,0,1,0,0,0,0,0,0,0,0,0,0,0,0,0,1,0,0,0,0,1,0.025,100.85999999999996,1
435,1,1,0,1,0,0,1,1,0,1,0,1,0,1,0,0,1,0,1,1,0,1,0,0,1,0,0,0,0,0,0,0,0,0,0,0,1,0,0,0,0.025,100.99999999999994,1
436,1,1,0,1,0,0,1,1,0,1,0,1,0,1,1,0,0,0,1,0,0,1,0,0,0,0,0,0,0,0,0,1,0,0,0,0,1,0,0,0,0.025,100.99999999999994,1
437,1,0,1,1,0,0,1,0,1,1,1,1,0,0,0,0,0,1,1,0,0,0,0,1,0,1,1,0,0,0,0,0,1,0,0,0,0,0,1,0,0.0,92.6799999999999,1
438,1,0,1,1,0,0,1,0,1,1,0,1,0,0,1,0,0,1,1,0,0,0,0,1,0,1,0,0,1,0,0,0,0,0,0,0,0,0,1,0,0.0,92.6799999999999,1
439,1,0,1,1,0,1,0,0,1,1,1,1,1,0,0,0,0,1,1,0,0,0,1,0,1,0,0,1,0,0,0,0,0,0,0,1,0,1,0,0,0.0,92.81999999999977,1
440,1,0,1,1,0,1,0,0,1,1,1,1,0,0,1,0,0,1,1,0,0,0,1,0,1,0,1,0,1,0,0,1,0,0,0,0,0,1,0,0,0.0,92.81999999999977,1
441,1,0,1,1,0,1,0,1,0,1,1,0,0,0,0,0,0,1,0,0,1,0,0,0,0,0,0,0,0,0,0,0,0,0,0,0,0,0,0,1,0.0,92.87999999999994,1
442,1,0,1,1,0,0,1,1,0,1,1,1,0,0,0,0,0,1,1,0,0,1,0,0,0,1,1,0,0,0,0,1,0,0,0,0,1,0,0,0,0.0,93.05999999999989,1
443,1,0,1,1,0,0,1,1,0,1,1,1,0,0,0,0,0,1,1,0,0,1,0,0,0,1,0,0,0,0,0,0,0,0,0,0,1,0,0,0,0.0,93.06,1
444,1,0,1,0,1,0,1,1,0,1,1,0,0,0,0,0,1,1,0,1,0,1,0,0,0,1,0,0,1,0,0,0,0,0,0,0,1,0,0,0,0.0,93.49999999999994,1
445,1,0,1,0,1,1,0,1,0,1,1,0,1,0,0,0,0,1,0,1,1,0,0,0,0,1,1,0,0,0,0,0,0,1,0,0,0,0,0,1,0.0,93.6599999999998,1
446,1,0,1,1,0,1,1,0,1,1,1,1,0,0,0,0,0,1,1,0,0,0,1,1,0,1,1,0,0,0,0,0,0,0,0,0,0,1,1,0,0.0,94.01999999999981,1
447,1,0,1,1,0,0,1,0,1,1,1,1,0,0,0,0,0,1,1,0,0,0,1,1,0,1,1,0,0,0,0,0,0,0,0,0,0,0,1,0,0.0,94.01999999999992,1
448,1,0,1,1,0,0,1,0,1,1,1,1,0,0,0,0,0,1,1,0,1,0,0,1,0,1,1,0,0,0,0,0,0,0,0,0,0,0,1,0,0.0,94.07999999999987,1
449,1,0,1,1,0,1,0,1,0,1,1,1,0,0,0,0,0,1,1,0,1,0,0,1,0,1,1,0,0,0,0,0,0,0,0,0,0,0,0,1,0.0,94.07999999999987,1
450,1,0,1,0,1,1,0,1,0,1,1,0,1,0,0,0,0,1,0,1,1,0,1,0,1,0,1,0,0,0,0,0,0,0,0,0,0,0,0,1,0.0,94.61999999999983,1
451,1,0,1,0,1,0,1,1,0,1,1,0,1,0,0,0,0,1,0,1,0,1,0,1,0,1,1,0,0,0,0,0,0,0,0,0,1,0,1,0,0.0,94.75999999999993,1
452,1,0,0,1,1,1,0,0,1,1,0,0,1,0,0,0,0,0,0,1,0,0,1,0,0,0,0,0,0,0,0,0,0,0,0,0,0,1,0,0,0.0,95.06,1
453,1,0,0,1,1,1,0,0,1,1,0,1,1,1,0,1,1,0,1,1,0,0,1,0,0,1,1,0,1,0,0,0,1,0,1,0,0,1,0,0,0.0,95.05999999999966,1
454,1,0,0,1,1,1,0,0,1,1,0,1,1,0,0,0,0,0,1,1,0,0,1,0,0,1,1,0,0,0,0,0,0,1,0,0,0,1,0,0,0.0,95.05999999999989,1
455,1,0,0,1,1,1,0,0,1,1,0,1,0,1,0,1,1,0,1,1,0,0,1,0,0,1,0,0,1,0,0,0,1,0,0,0,0,1,0,0,0.0,95.05999999999966,1
456,1,0,0,1,1,0,1,0,1,1,0,1,1,0,0,0,0,0,1,1,0,0,0,1,1,0,1,0,0,0,0,0,0,0,0,1,0,0,1,0,0.0,95.21999999999986,1
457,1,0,0,1,1,0,1,0,1,1,0,1,1,0,0,0,0,0,1,1,0,0,0,1,1,0,0,1,0,0,0,0,0,0,0,0,0,0,1,0,0.0,95.22000000000008,1
458,1,0,0,1,1,0,1,0,1,1,0,1,1,0,0,0,1,0,1,1,0,0,0,1,1,0,1,0,1,0,0,0,0,0,1,0,0,0,1,0,0.0,95.21999999999974,1
459,1,0,0,1,1,0,1,1,0,1,0,1,1,1,0,1,1,0,1,1,0,1,0,0,1,0,1,0,1,0,0,0,0,1,0,1,1,0,0,0,0.0,95.43999999999966,1
460,1,0,0,1,1,1,0,1,0,1,0,1,1,1,0,0,1,0,1,1,1,0,0,0,1,0,1,0,0,0,0,0,0,0,0,1,0,0,0,1,0.0,95.49999999999949,1
461,1,0,0,1,1,1,0,1,0,1,0,1,0,0,0,0,1,0,1,1,1,0,0,0,1,0,0,0,1,0,0,0,0,0,0,0,0,0,0,1,0.0,95.49999999999994,1
462,1,0,0,1,1,1,0,1,0,1,0,1,1,0,0,0,1,0,1,1,1,0,0,0,1,0,1,0,1,0,0,0,0,0,0,1,0,0,0,1,0.0,95.49999999999983,2
463,1,0,0,1,1,1,0,1,0,1,0,1,1,0,0,0,0,0,1,1,1,0,0,0,1,0,1,0,0,0,0,0,0,0,0,1,0,0,0,1,0.0,95.49999999999983,1
464,1,0,0,1,1,1,0,1,0,1,0,1,1,1,0,1,1,0,1,1,1,0,0,0,0,1,1,0,1,0,0,0,1,0,0,1,0,0,0,1,0.0,95.4999999999996,1
465,1,0,0,1,0,1,0,1,0,1,1,1,0,0,0,0,0,0,1,0,1,0,0,0,0,0,0,0,0,0,0,1,0,0,0,0,0,0,0,1,0.05,148.28000000000011,1
466,1,0,0,1,1,1,0,1,0,1,0,1,1,0,0,0,0,0,1,1,1,1,0,0,1,0,1,0,0,0,0,0,0,0,0,0,1,0,0,1,0.0,97.45999999999987,1
467,1,1,1,1,0,1,0,0,1,1,0,1,0,1,1,0,0,1,1,0,0,0,0,0,0,1,0,0,0,0,0,0,0,0,0,0,0,1,0,0,0.025,107.7399999999999,1
468,0,1,1,1,0,0,1,0,1,1,1,0,0,1,1,1,0,1,1,0,0,0,0,1,1,0,0,0,1,0,1,0,0,0,0,0,0,0,1,0,0.0,98.1399999999997,1
469,0,1,1,1,0,1,0,0,1,0,0,0,0,1,1,0,0,1,1,0,0,0,1,0,0,1,0,0,0,0,0,0,0,0,0,0,0,1,0,0,0.0,98.28000000000003,1
470,0,1,0,1,1,1,0,0,1,0,0,0,0,1,0,1,1,0,1,1,0,0,0,0,1,0,0,0,1,0,0,0,0,0,0,0,0,0,0,0,0.0,98.94,1
471,0,1,1,0,1,0,1,1,0,0,0,0,0,1,1,0,1,1,0,1,0,1,0,0,0,1,0,0,1,0,0,1,0,0,0,0,1,0,0,0,0.0,98.95999999999987,1
472,1,1,1,0,0,1,0,1,0,1,1,0,0,1,1,0,1,1,0,0,1,0,0,0,0,0,0,0,1,0,1,0,0,0,1,0,0,0,0,1,0.0,99.01999999999992,1
473,1,1,1,0,0,1,0,1,0,1,1,0,0,1,1,0,1,1,0,0,1,0,0,0,0,0,0,0,1,0,0,1,0,0,0,1,0,0,0,1,0.0,99.01999999999992,1
474,1,1,1,0,0,1,0,1,0,1,1,1,0,1,1,1,0,1,1,0,1,0,0,0,1,0,1,0,1,0,1,0,0,1,0,0,0,0,0,1,0.0,99.0199999999997,1
475,1,1,1,0,0,1,0,1,0,1,0,1,0,1,1,1,0,1,1,0,1,0,0,0,0,1,0,0,1,0,0,0,1,0,0,0,0,0,0,1,0.0,99.01999999999992,1
476,1,1,1,0,0,1,0,1,0,1,1,0,1,1,1,0,1,1,0,1,1,0,0,0,0,1,1,0,1,0,1,0,0,0,0,1,0,0,0,1,0.0,99.0199999999997,1
477,1,1,1,0,0,1,0,1,0,1,0,1,0,1,1,0,0,1,1,0,1,0,0,0,0,1,0,0,0,0,0,0,0,0,0,0,0,0,0,1,0.0,99.01999999999992,1
478,1,1,1,0,0,0,1,0,1,1,1,0,1,1,1,0,1,1,0,1,0,0,0,1,0,1,1,0,1,0,1,0,0,0,0,1,0,0,1,0,0.0,99.09999999999974,1
479,1,1,1,0,0,1,0,0,1,1,1,0,1,1,1,0,0,1,0,0,0,0,1,0,0,0,1,0,0,0,1,0,0,0,0,1,0,1,0,0,0.0,99.09999999999997,1
480,0,1,1,0,1,1,0,1,0,1,0,0,1,1,1,0,1,1,0,1,1,0,0,0,1,0,0,0,1,0,0,0,0,0,1,0,0,0,0,1,0.0,99.11999999999983,1
481,1,1,1,1,0,1,0,1,0,1,0,1,0,1,1,0,0,1,1,0,1,0,0,0,0,1,0,0,0,0,0,0,0,0,0,1,0,0,0,1,0.025,109.13999999999982,1
482,1,1,1,1,0,0,1,1,0,1,0,1,0,1,1,0,1,1,1,0,0,1,0,0,0,1,0,0,1,0,0,0,0,0,1,0,1,0,0,0,0.025,109.31999999999965,1
483,1,1,0,1,0,0,1,0,1,1,0,1,1,1,0,1,1,0,1,1,0,0,0,1,1,0,1,0,1,0,0,0,1,0,0,1,0,0,1,0,0.0,100.57999999999976,1
484,1,1,0,1,0,1,0,0,1,1,0,1,0,1,0,1,1,0,1,0,0,0,1,0,0,0,0,0,1,0,0,0,0,1,0,1,0,1,0,0,0.0,100.71999999999997,1
485,1,1,0,0,1,1,0,0,1,1,0,0,1,1,0,0,1,0,0,1,0,0,0,0,0,0,0,0,0,0,0,0,0,0,1,0,0,0,0,0,0.0,100.73999999999998,1
486,1,1,0,1,0,1,0,1,0,1,0,1,1,1,0,1,1,0,1,1,1,0,0,0,0,1,1,0,1,0,0,0,1,0,1,0,0,0,0,1,0.0,100.85999999999973,1
487,0,1,0,1,1,0,1,1,0,0,0,0,0,1,0,1,1,0,1,1,0,1,0,0,0,1,0,0,1,0,1,0,0,0,0,0,1,0,0,0,0.0,100.89999999999992,1
488,0,1,0,1,1,0,1,1,0,1,0,1,0,1,0,0,1,0,1,1,0,1,0,0,1,0,0,0,0,0,0,0,0,0,0,0,1,0,0,0,0.0,100.89999999999992,1
489,1,1,0,1,0,0,1,1,0,1,0,1,0,1,1,1,0,0,1,0,0,1,0,0,0,0,0,0,1,0,1,0,1,0,0,0,1,0,0,0,0.0,101.00000000000006,1
490,1,1,0,1,0,0,1,1,0,1,0,1,0,1,0,1,1,0,1,0,0,1,0,0,0,0,0,0,1,0,0,0,0,1,0,1,1,0,0,0,0.0,100.99999999999994,2
491,1,1,0,0,1,1,0,0,1,1,0,0,1,1,0,1,1,0,0,1,0,0,1,0,0,0,0,0,1,0,0,0,0,1,0,1,0,1,0,0,0.0,101.34000000000009,1
492,1,1,0,0,1,1,0,0,1,1,0,1,1,1,0,1,1,0,1,1,0,0,1,0,0,1,1,0,1,0,0,0,1,0,1,0,0,1,0,0,0.0,101.33999999999963,1
493,1,1,0,0,1,0,1,1,0,1,0,1,1,1,0,1,1,0,1,1,0,1,0,0,0,1,1,0,1,0,0,0,1,0,0,1,1,0,0,0,0.0,101.43999999999966,1
494,1,1,0,0,1,0,1,1,0,1,0,0,1,1,1,0,0,0,0,1,0,1,0,0,0,0,0,0,0,0,0,1,0,0,0,0,1,0,0,0,0.0,101.43999999999988,1
495,1,1,0,1,1,0,1,0,1,1,0,1,0,1,1,0,1,0,1,1,0,0,0,1,1,0,0,0,1,0,0,1,0,0,0,0,0,0,1,0,0.025,111.47999999999962,1
496,1,1,0,0,1,1,0,1,0,1,0,0,1,1,0,1,1,0,1,1,1,0,0,0,0,1,0,0,1,0,0,0,0,0,0,1,0,0,0,1,0.0,101.63999999999982,1
497,1,1,0,0,1,1,0,1,0,1,0,0,1,1,1,0,1,0,0,1,1,0,0,0,0,0,0,0,1,0,0,1,0,0,0,1,0,0,0,1,0.0,101.64000000000004,1
498,1,1,0,0,1,1,0,1,0,1,0,1,1,1,0,1,1,0,1,1,1,0,0,0,0,1,1,0,1,0,0,0,1,0,0,1,0,0,0,1,0.0,101.63999999999959,1
499,1,1,0,0,1,1,0,1,0,1,0,1,1,1,0,1,1,0,1,1,1,0,0,0,0,1,1,0,1,0,0,0,0,1,0,1,0,0,0,1,0.0,101.63999999999959,1
500,1,1,0,0,1,0,1,0,1,1,0,1,1,1,0,1,1,0,1,1,0,0,0,1,1,0,1,0,1,0,0,0,0,1,0,1,0,0,1,0,0.0,101.63999999999959,1
501,1,1,0,0,1,0,1,0,1,1,0,1,1,1,0,1,1,0,1,1,0,0,0,1,1,0,1,0,1,0,0,0,1,0,1,0,0,0,1,0,0.0,101.63999999999959,1
502,1,1,0,0,1,0,1,0,1,1,0,1,0,1,0,0,1,0,1,1,0,0,0,1,0,1,0,0,0,0,0,0,0,0,0,0,0,0,1,0,0.0,101.63999999999993,1
503,0,1,0,1,1,0,1,1,0,0,0,0,0,1,0,1,1,0,1,1,0,1,1,0,1,0,0,0,1,0,0,0,0,0,0,0,1,0,0,0,0.0,102.47999999999996,1
504,0,1,0,1,1,0,1,1,0,0,0,0,0,1,0,1,1,0,1,1,1,1,0,0,1,0,0,0,1,0,0,0,0,0,0,0,1,0,0,1,0.0,102.9199999999999,1
505,1,0,0,0,0,0,1,0,1,1,1,1,0,0,0,0,0,0,1,0,0,0,0,1,0,0,0,0,0,0,1,0,0,0,0,0,0,0,1,0,0.025,201.84000000000006,1
506,1,1,1,1,0,1,0,1,0,1,0,1,0,1,1,1,0,1,1,0,0,0,0,0,0,1,0,0,1,0,0,0,0,1,0,0,0,0,0,1,0.0,107.73999999999972,1
507,1,1,1,0,1,0,0,0,1,1,1,0,0,1,1,0,1,1,0,1,0,0,0,0,0,1,0,0,1,0,0,1,0,0,0,0,0,0,0,0,0.0,108.73999999999998,1
508,1,1,1,1,0,0,1,0,1,1,0,1,0,1,1,0,0,1,1,0,0,0,0,1,1,1,0,0,0,0,0,0,0,0,0,0,0,0,1,0,0.0,108.93999999999988,1
509,1,1,1,1,0,1,0,0,1,1,0,1,1,1,1,1,0,1,1,0,0,0,1,0,1,0,1,0,1,0,0,0,1,0,0,1,0,1,0,0,0.0,109.07999999999976,1
510,1,1,1,1,0,1,0,0,1,1,0,1,0,1,0,1,0,0,1,0,0,0,1,0,0,0,0,0,0,0,0,0,0,1,0,0,0,1,0,0,0.0,109.07999999999998,1
511,1,1,1,1,0,1,0,1,0,1,1,0,1,1,1,1,0,1,1,0,1,0,0,0,1,0,1,0,1,0,1,0,0,0,0,1,0,0,0,1,0.0,109.1399999999997,1
512,1,1,1,1,0,1,0,1,0,1,1,0,0,1,0,1,0,1,1,0,1,0,0,0,0,1,0,0,1,0,0,0,0,0,0,0,0,0,0,1,0.0,109.13999999999982,1
513,1,1,1,1,0,1,0,1,0,1,1,0,0,1,0,1,1,1,1,0,1,0,0,0,1,0,0,0,1,0,0,0,0,0,0,1,0,0,0,1,0.0,109.13999999999959,1
514,1,1,1,0,1,1,0,0,1,1,1,0,1,1,1,0,1,1,0,1,0,0,1,0,0,1,0,1,1,0,1,0,0,0,1,0,0,1,0,0,0.0,109.69999999999999,1
515,1,1,1,0,1,1,0,0,1,1,1,1,1,1,0,1,1,1,1,1,0,0,1,0,1,1,0,1,1,0,0,0,1,0,0,1,0,1,0,0,0.0,109.69999999999999,1
516,1,1,1,0,1,1,0,0,1,1,1,0,1,1,0,0,1,1,0,1,0,0,1,0,0,1,1,0,0,0,0,0,1,0,0,1,0,1,0,0,0.0,109.69999999999976,1
517,1,1,1,0,1,1,0,0,1,1,1,0,0,1,0,1,1,1,0,1,0,0,1,0,1,0,0,0,1,0,0,0,0,1,0,0,0,1,0,0,0.0,109.69999999999976,1
518,1,1,1,0,1,1,0,0,1,1,0,0,1,1,1,1,1,1,0,1,0,0,1,0,1,0,0,0,0,1,0,0,1,0,0,1,0,1,0,0,0.0,109.69999999999965,1
519,1,1,1,0,1,1,0,0,1,1,0,0,1,1,1,1,0,1,0,1,0,0,1,0,1,0,0,0,1,0,0,0,1,0,0,0,0,1,0,0,0.0,109.69999999999976,1
520,1,1,1,0,1,1,0,0,1,1,1,0,1,1,0,0,1,1,0,1,0,0,1,0,1,1,1,0,0,0,0,0,0,0,0,1,0,1,0,0,0.0,109.69999999999965,1
521,1,1,0,1,1,1,0,1,0,1,0,1,1,1,0,1,1,0,1,1,0,0,0,0,0,1,1,0,1,0,0,0,1,0,1,0,0,0,0,1,0.0,109.73999999999984,1
522,1,1,0,1,1,1,0,0,1,1,0,0,1,1,0,1,1,0,1,1,0,0,0,0,1,0,0,0,1,0,0,0,0,0,1,0,0,0,0,0,0.0,109.73999999999975,1
523,1,1,0,1,1,1,0,0,1,1,0,1,1,1,0,1,1,0,1,1,0,0,0,0,1,0,1,0,1,0,0,0,1,0,0,1,0,0,0,0,0.0,109.73999999999981,1
524,1,1,0,1,1,0,1,0,1,1,0,0,1,1,0,1,1,0,1,1,0,0,0,0,1,0,0,0,1,0,0,0,0,0,1,0,0,0,1,0,0.0,109.73999999999972,1
525,1,1,0,1,1,0,1,0,1,1,0,1,1,1,0,1,0,0,1,1,0,0,0,0,0,1,1,0,0,0,0,0,0,1,0,0,0,0,0,0,0.0,109.73999999999987,1
526,1,1,0,1,1,0,1,0,1,1,0,1,1,1,0,1,1,0,1,1,0,0,0,0,1,0,1,0,1,0,0,0,0,1,0,1,0,0,0,0,0.0,109.73999999999981,1
527,1,1,1,0,1,0,1,1,0,1,1,0,1,1,1,0,1,1,0,1,0,1,0,0,0,1,0,1,1,0,1,0,0,0,1,0,1,0,0,0,0.0,109.75999999999993,1
528,1,1,1,0,1,0,1,1,0,1,0,0,1,1,1,0,1,1,0,1,0,1,0,0,1,0,0,0,0,1,0,0,0,0,0,1,1,0,0,0,0.0,109.75999999999982,1
529,1,1,1,0,1,0,1,1,0,1,1,1,0,1,1,0,1,1,1,1,0,1,0,0,1,1,1,0,1,0,0,1,0,0,0,0,1,0,0,0,0.0,109.7599999999997,1
530,1,1,1,0,1,0,1,1,0,1,0,1,1,1,1,0,1,1,0,1,0,1,0,0,0,1,1,0,1,0,0,0,0,1,0,1,1,0,0,0,0.0,109.75999999999982,1
531,1,1,1,0,1,0,1,1,0,1,0,1,0,1,1,0,1,1,0,1,0,1,0,0,0,1,0,0,1,0,0,0,1,0,0,0,1,0,0,0,0.0,109.7599999999997,1
532,1,1,1,0,1,0,1,1,0,1,0,0,1,1,1,1,1,1,0,1,0,1,0,0,0,1,0,0,0,1,0,0,1,0,0,1,1,0,0,0,0.0,109.7599999999996,1
533,1,1,1,1,1,0,1,0,1,1,0,1,0,1,1,0,0,1,1,0,0,0,0,1,0,1,0,0,0,0,0,0,0,0,0,0,0,0,1,0,0.025,119.83999999999963,1
534,1,1,1,0,1,1,0,1,0,1,1,0,1,1,1,0,1,1,0,1,1,0,0,0,0,1,1,0,1,0,1,0,0,1,1,0,0,0,0,1,0.0,109.91999999999979,1
535,1,1,1,0,1,1,0,1,0,1,1,0,1,1,1,1,1,1,0,1,1,0,0,0,1,0,1,0,0,1,0,1,0,1,1,0,0,0,0,1,0.0,109.91999999999979,1
536,1,1,1,0,1,1,0,1,0,1,1,0,0,1,1,0,0,1,0,1,1,0,0,0,1,0,0,0,0,0,1,0,0,0,0,0,0,0,0,1,0.0,109.91999999999979,1
537,1,1,1,0,1,0,1,0,1,1,1,0,1,1,1,1,1,1,0,1,0,0,0,1,0,1,1,0,0,1,0,1,0,1,1,0,0,0,1,0,0.0,109.99999999999972,1
538,1,1,1,0,1,0,1,0,1,1,1,0,0,1,1,0,1,1,0,1,0,0,0,1,1,0,0,0,1,0,1,1,0,0,0,0,0,0,1,0,0.0,109.99999999999994,1
539,1,1,1,1,1,0,1,1,0,1,0,1,0,1,0,0,1,0,1,1,0,1,0,0,1,0,0,0,0,0,0,0,0,0,0,0,1,0,0,0,0.025,120.01999999999958,1
540,1,1,1,1,0,0,1,0,1,1,1,1,0,1,1,1,0,1,1,0,0,1,0,1,1,0,1,0,1,0,0,1,0,1,0,0,1,0,1,0,0.0,110.51999999999981,1
541,1,1,1,1,0,0,1,1,0,1,1,1,0,1,1,0,0,1,1,0,0,1,0,1,0,1,1,0,0,0,0,1,0,0,0,0,1,0,1,0,0.0,110.51999999999981,1
542,1,1,1,1,0,0,1,1,1,1,0,1,0,1,1,0,0,1,1,0,0,1,0,1,1,0,0,0,0,0,0,0,0,0,0,0,1,0,1,0,0.0,110.51999999999958,1
543,1,1,1,0,1,1,0,0,1,1,1,0,0,1,1,0,1,1,0,1,0,1,1,0,1,0,0,0,1,0,0,1,0,0,0,0,0,1,0,0,0.0,110.71999999999997,1
544,1,1,1,0,1,1,0,0,1,1,1,0,1,1,1,0,1,1,0,1,1,0,1,0,0,1,1,0,1,0,0,1,0,0,0,1,0,1,0,0,0.0,110.87999999999982,1
545,1,1,1,0,1,0,1,1,0,1,0,0,1,1,1,0,0,1,0,1,1,1,0,0,0,1,0,0,0,0,0,0,0,0,0,0,1,0,0,1,0.0,110.93999999999988,1
546,1,1,1,0,1,0,1,0,1,1,1,0,1,1,1,0,1,1,0,1,0,0,1,1,0,1,1,0,1,0,0,1,0,0,0,1,0,1,1,0,0.0,110.95999999999987,1
547,1,1,1,0,1,0,1,1,0,1,1,0,1,1,0,0,1,1,0,1,0,1,0,1,0,1,1,0,0,0,0,0,0,0,0,1,1,0,1,0,0.0,111.0199999999997,1
548,1,1,1,0,1,0,1,0,1,1,1,0,1,1,1,0,1,1,0,1,0,1,0,1,1,0,1,0,1,0,1,0,0,0,0,1,0,0,1,0,0.0,111.01999999999981,1
549,1,1,1,0,1,0,1,0,1,1,0,0,1,1,1,0,1,1,0,1,0,1,0,1,0,1,0,0,1,0,0,0,0,0,0,1,0,0,1,0,0.0,111.0199999999997,1
550,1,1,0,1,1,1,0,0,1,1,0,0,1,1,0,1,0,0,1,1,0,0,1,0,0,1,0,0,0,0,0,1,0,0,0,0,0,1,0,0,0.0,111.31999999999988,1
551,1,1,0,1,1,1,0,0,1,1,0,0,1,1,0,0,1,0,0,1,0,0,1,0,0,0,0,0,0,0,0,0,0,0,0,1,0,1,0,0,0.0,111.32,1
552,1,1,0,1,1,1,0,0,1,1,0,0,0,1,0,1,1,0,1,1,0,0,1,0,0,1,0,0,1,0,0,0,0,0,0,0,0,1,0,0,0.0,111.3200000000001,1
553,1,1,0,1,1,1,0,0,1,1,0,1,0,1,1,1,1,0,1,1,0,0,1,0,0,1,0,0,0,1,1,0,0,1,0,0,0,1,0,0,0.0,111.31999999999977,1
554,1,1,0,1,1,0,1,0,1,1,1,0,0,1,0,1,1,0,1,1,0,0,0,1,1,0,0,0,1,0,1,0,0,0,0,0,0,0,1,0,0.0,111.47999999999962,1
555,1,1,0,1,1,0,1,0,1,1,1,1,0,1,0,1,1,0,1,1,0,0,0,1,0,1,1,0,1,0,0,1,0,1,0,0,0,0,1,0,0.0,111.47999999999973,1
556,1,1,0,1,1,0,1,0,1,1,0,1,1,1,0,1,1,0,1,1,0,0,0,1,0,1,0,0,1,0,0,0,1,0,0,1,0,0,1,0,0.0,111.47999999999985,1
557,1,1,0,1,1,0,1,0,1,1,0,1,1,1,0,1,1,0,1,1,0,0,0,1,0,1,0,1,1,0,0,0,0,1,0,1,0,0,1,0,0.0,111.47999999999996,1
558,1,1,0,1,1,0,1,0,1,1,0,1,0,1,1,1,1,0,1,1,0,0,0,1,0,1,0,0,0,1,1,0,0,1,0,0,0,0,1,0,0.0,111.47999999999985,1
559,1,1,0,1,1,0,1,0,1,1,0,1,1,1,0,1,1,0,1,1,0,0,0,1,1,0,1,0,1,0,0,0,1,0,0,0,0,0,1,0,0.0,111.47999999999973,1
560,1,1,0,1,1,0,1,0,1,1,0,1,1,1,1,1,1,0,1,1,0,0,0,1,0,1,1,0,0,1,1,0,0,1,0,1,0,0,1,0,0.0,111.47999999999973,1
561,1,1,0,1,1,0,1,1,0,1,0,1,1,1,1,1,0,0,1,1,0,1,0,0,0,1,1,0,1,0,1,0,0,1,0,0,1,0,0,0,0.0,111.69999999999976,1
562,1,1,0,1,1,0,1,1,0,1,1,1,1,1,0,1,1,0,1,1,0,1,0,0,0,1,0,1,1,0,1,0,0,1,0,1,1,0,0,0,0.0,111.7000000000001,1
563,1,1,0,1,1,1,0,1,0,1,0,1,0,1,0,1,1,0,1,1,1,0,0,0,0,1,1,0,1,0,0,0,0,1,0,0,0,0,0,1,0.0,111.75999999999982,1
564,1,1,0,1,1,1,0,1,0,1,1,1,1,1,0,1,1,0,1,1,1,0,0,0,1,0,0,1,1,0,0,1,0,1,1,0,0,0,0,1,0.0,111.76000000000005,1
565,1,1,0,1,1,1,0,1,0,1,0,1,1,1,0,1,1,0,1,1,1,0,0,0,0,0,1,0,1,0,0,0,0,1,0,1,0,0,0,1,0.0,111.75999999999993,1
566,1,1,0,1,1,1,0,1,0,1,0,1,1,1,0,1,1,0,1,1,1,0,0,0,1,0,0,1,1,0,0,0,0,1,0,1,0,0,0,1,0.0,111.75999999999993,1
567,1,1,0,1,1,1,0,1,0,1,0,1,0,1,0,1,1,0,1,1,1,0,0,0,0,1,0,0,1,0,1,0,0,1,0,0,0,0,0,1,0.0,111.75999999999993,1
568,1,1,0,1,1,1,0,1,0,1,0,0,1,1,1,1,1,0,1,1,1,0,0,0,0,1,0,0,0,1,0,1,0,0,0,1,0,0,0,1,0.0,111.7599999999996,1
569,1,1,0,1,1,1,0,1,0,1,0,1,1,1,0,1,1,0,1,1,1,0,0,0,1,0,0,1,1,0,0,0,1,0,0,1,0,0,0,1,0.0,111.75999999999993,1
570,1,1,0,1,1,1,0,1,0,1,0,1,0,1,1,1,1,0,1,1,1,0,0,0,1,0,0,0,0,1,0,1,0,1,0,0,0,0,0,1,0.0,111.75999999999982,1
571,1,1,0,1,0,0,1,0,1,1,0,1,1,1,0,1,0,0,1,1,0,0,0,1,0,0,1,0,0,0,0,0,1,0,0,1,0,0,1,0,0.025,227.93999999999986,1
572,1,1,0,1,1,0,1,0,1,1,0,1,1,1,0,1,1,0,1,1,0,0,1,1,1,0,1,0,1,0,0,0,0,1,0,1,0,1,1,0,0.0,113.05999999999989,1
573,1,1,0,1,1,1,0,0,1,1,0,1,1,1,0,1,1,0,1,1,0,0,1,1,0,1,1,0,1,0,0,0,0,1,0,1,0,1,1,0,0.0,113.05999999999989,1
574,1,1,0,1,1,0,1,0,1,1,0,1,0,1,0,1,1,0,1,1,0,0,1,1,0,1,0,0,1,0,0,0,1,0,0,0,0,0,1,0,0.0,113.05999999999989,1
575,0,0,1,1,0,0,0,0,1,1,1,1,0,0,0,0,0,1,1,0,0,0,0,0,1,0,0,0,0,0,0,0,0,0,0,0,0,0,0,0,0.025,208.0400000000001,1
576,1,1,0,1,1,0,1,1,0,1,0,1,1,1,0,1,1,0,1,1,0,1,1,0,0,1,1,0,1,0,0,0,1,0,1,0,1,0,0,0,0.0,113.2799999999998,1
577,1,1,0,1,1,1,0,0,1,1,0,1,1,1,0,1,1,0,1,1,1,0,1,0,1,0,1,0,1,0,0,0,1,0,1,0,0,1,0,1,0.0,113.33999999999986,1
578,1,1,0,1,1,1,0,1,0,1,0,1,0,1,0,0,1,0,1,1,1,0,1,0,0,1,0,0,0,0,0,0,0,0,0,0,0,0,0,1,0.0,113.33999999999997,1
579,1,1,0,1,1,1,0,1,0,1,0,1,0,1,0,0,1,0,1,1,1,0,1,0,1,0,0,0,0,0,0,0,0,0,0,0,0,1,0,1,0.0,113.33999999999997,1
580,1,1,0,1,1,1,1,1,0,1,0,1,0,1,0,0,1,0,1,1,1,1,0,0,1,0,0,0,0,0,0,0,0,0,0,0,1,0,0,1,0.0,113.71999999999963,1
581,1,1,0,1,1,1,1,1,0,1,0,1,0,1,0,1,1,0,1,1,1,1,0,0,0,1,0,0,1,0,0,0,1,0,0,0,1,0,0,1,0.0,113.71999999999963,1
582,1,1,0,1,1,1,0,1,0,1,0,1,1,1,0,1,1,0,1,1,1,1,0,0,1,0,1,0,1,0,0,0,1,0,1,0,0,0,0,1,0.0,113.71999999999986,1
583,1,1,0,1,1,1,0,1,0,1,0,1,1,1,0,1,1,0,1,1,1,1,0,0,0,1,1,0,1,0,0,0,0,1,1,0,0,0,0,1,0.0,113.71999999999986,1
584,1,1,0,1,1,0,1,1,0,1,0,1,1,1,0,1,1,0,1,1,1,1,0,0,0,1,1,0,1,0,0,0,0,1,0,1,1,0,0,1,0.0,113.71999999999986,1
585,1,1,0,1,1,0,1,1,0,1,0,1,0,1,0,1,1,0,1,1,1,1,0,0,1,0,0,0,1,0,0,0,1,0,0,0,1,0,0,0,0.0,113.71999999999997,1
586,1,0,1,1,0,1,0,1,0,1,0,1,0,0,1,0,0,1,1,0,1,0,0,0,1,0,0,0,0,1,0,0,0,0,0,0,0,0,0,1,0.025,156.55999999999986,1
587,1,0,1,1,1,0,1,0,1,1,1,1,0,1,0,0,1,1,1,1,0,0,0,1,1,1,0,0,0,0,0,0,0,0,0,0,0,0,1,0,0.05,167.25999999999968,1
588,1,0,1,1,1,0,1,1,0,1,1,1,0,1,1,0,1,1,1,1,0,1,0,0,1,1,0,0,1,0,0,1,0,0,0,0,1,0,0,0,0.05,167.43999999999974,1
589,1,1,1,1,1,0,1,0,1,1,1,1,1,1,0,1,1,1,1,1,0,0,0,0,1,1,0,1,1,0,0,0,0,1,0,1,0,0,0,0,0.0,117.74000000000004,1
590,1,1,1,1,1,1,0,1,0,1,1,0,1,1,0,1,0,1,1,1,0,0,0,0,1,1,1,0,0,0,0,0,0,0,0,0,0,0,0,1,0.0,117.73999999999972,1
591,1,1,1,1,1,0,1,0,1,1,1,1,1,1,1,1,0,1,1,1,0,0,0,1,1,1,0,1,0,1,0,1,0,1,0,0,0,0,1,0,0.0,119.83999999999975,1
592,1,1,1,1,1,0,1,0,1,1,1,0,1,1,0,1,1,1,1,1,0,0,0,1,1,1,1,0,1,0,0,0,0,0,1,1,0,0,1,0,0.0,119.83999999999963,1
593,1,1,1,1,1,0,1,1,0,1,1,0,1,1,1,1,1,1,1,1,0,1,0,0,1,1,0,0,0,1,0,1,0,0,1,0,1,0,0,0,0.0,120.01999999999958,1
594,1,1,1,1,1,0,1,1,0,1,0,1,1,1,1,0,0,1,1,1,0,1,0,0,1,0,1,0,0,0,0,0,0,0,0,0,1,0,0,0,0.0,120.01999999999981,1
595,1,1,1,1,1,1,0,1,0,1,0,1,1,1,1,1,1,1,1,1,1,0,0,0,1,0,1,0,0,1,0,0,0,1,0,1,0,0,0,1,0.0,120.03999999999957,1
596,1,1,1,1,1,1,0,1,0,1,0,1,1,1,1,0,1,1,1,1,1,0,0,0,1,1,1,0,1,0,0,0,0,1,0,1,0,0,0,1,0.0,120.03999999999957,1
597,1,1,1,1,1,1,0,1,0,1,0,0,1,1,0,1,1,0,1,1,1,0,0,0,1,0,0,0,1,0,0,0,0,0,0,1,0,0,0,1,0.0,120.03999999999945,1
598,1,1,1,1,1,1,0,1,0,1,1,0,0,1,0,1,1,1,1,1,1,0,0,0,1,1,0,0,1,0,1,0,0,0,0,0,0,0,0,1,0.0,120.03999999999945,1
599,1,1,1,1,1,0,1,1,0,1,1,1,1,1,0,1,1,1,1,1,0,1,0,1,1,1,0,1,1,0,0,0,1,0,0,1,1,0,1,0,0.0,122.11999999999983,1
600,1,1,1,1,1,0,1,1,1,1,0,1,1,1,1,0,1,1,1,1,0,1,0,1,1,1,1,0,1,0,0,0,0,0,0,1,1,0,1,0,0.0,122.11999999999995,1
601,1,1,1,1,1,0,1,0,1,1,1,0,0,1,1,1,1,1,1,1,1,0,0,1,1,1,0,0,0,1,1,0,0,0,0,0,0,0,1,0,0.0,122.13999999999925,1
602,1,0,1,1,0,0,1,0,0,1,1,1,0,0,0,0,0,1,1,0,0,0,0,0,1,0,0,0,0,0,0,0,0,0,0,1,0,0,0,0,0.025,218.83999999999997,1
603,1,0,1,1,0,0,1,1,1,1,1,1,0,0,0,0,0,1,1,0,0,0,0,1,1,0,0,0,0,0,0,0,0,0,0,0,0,0,1,0,0.025,220.03999999999965,1
604,1,0,1,1,0,0,1,1,0,1,1,1,0,0,0,0,0,1,1,0,1,1,0,0,1,0,0,0,0,0,0,0,0,0,0,1,1,0,0,1,0.025,221.81999999999985,1
605,1,0,0,0,0,1,0,1,0,1,0,1,0,0,0,0,0,0,1,0,1,0,0,0,0,0,0,0,0,0,0,0,0,0,1,0,0,0,0,1,0.025,138.16,1
606,1,1,1,0,0,1,0,1,0,1,1,1,0,1,1,0,1,1,1,0,1,0,0,0,1,0,0,0,1,0,0,1,0,0,0,1,0,0,0,1,0.025,226.37999999999957,1
607,1,1,1,1,0,1,0,1,0,1,1,1,0,1,0,0,1,1,1,0,1,0,0,0,1,0,0,0,0,0,0,1,0,0,1,0,0,0,0,1,0.025,236.49999999999991,1
608,0,1,0,0,1,0,1,0,1,1,0,1,0,1,0,0,1,0,1,1,0,0,0,1,0,1,0,0,0,0,0,0,0,0,0,0,0,0,1,0,0.025,154.5199999999999,1
609,1,0,1,0,0,0,1,1,0,1,1,0,0,0,0,0,0,1,0,0,0,1,0,0,0,0,0,0,1,0,0,0,1,0,0,0,1,0,0,0,0.0,146.48000000000016,1
610,1,0,0,1,0,0,1,0,1,1,1,1,0,0,0,1,0,0,1,0,0,0,0,1,0,0,1,0,1,0,1,0,1,0,0,0,0,0,1,0,0.0,147.99999999999991,1
611,0,0,0,1,1,0,1,0,1,1,0,1,1,0,0,0,0,0,1,1,0,0,0,1,0,1,1,0,1,0,0,0,0,0,0,0,0,0,1,0,0.0,148.09999999999994,1
612,1,0,0,1,0,0,1,1,0,1,1,1,1,0,0,0,0,0,1,1,0,1,0,0,0,1,0,1,0,0,0,1,0,0,0,0,1,0,0,0,0.0,148.41999999999976,1
613,1,0,0,1,0,1,0,1,0,1,0,1,1,0,0,0,0,0,1,0,1,0,0,1,0,0,1,0,0,0,0,0,0,0,0,1,0,0,0,1,0.0,149.12000000000003,1
614,1,0,0,1,0,0,1,1,1,1,0,1,1,0,0,0,0,0,1,0,0,1,0,1,0,0,1,0,0,0,0,0,0,0,0,1,1,0,1,0,0.0,149.25999999999968,1
615,1,0,0,0,1,1,0,0,1,1,0,1,1,0,0,0,0,0,1,1,0,0,1,1,1,0,1,0,0,0,0,0,0,0,0,0,0,1,1,0,0.0,149.66,1
616,0,1,0,1,0,0,1,1,0,0,0,1,0,1,0,1,0,0,1,0,1,1,0,0,0,0,1,0,0,0,0,0,1,0,0,0,1,0,0,1,0.0,154.99999999999991,1
617,0,1,0,0,1,1,0,0,1,1,0,0,1,1,0,0,1,0,0,1,0,0,1,1,0,0,0,0,0,0,0,0,0,0,0,1,0,1,1,0,0.0,155.12000000000003,1
618,1,0,1,1,0,1,0,0,1,1,1,1,0,0,0,1,0,1,1,0,0,0,0,0,1,0,1,0,1,0,0,0,0,1,0,0,0,0,0,0,0.0,155.15999999999977,1
619,1,0,1,1,0,0,1,1,0,1,0,1,0,1,1,1,1,1,1,0,0,1,0,0,1,0,0,0,0,1,0,0,1,0,1,0,1,0,0,0,0.0,156.74000000000015,1
620,1,0,1,0,1,1,0,1,0,1,1,0,1,0,0,0,0,1,0,1,0,1,0,0,1,0,1,0,0,0,0,0,0,0,0,0,0,0,0,1,0.0,157.17999999999986,1
621,1,0,1,0,1,0,1,1,0,1,0,1,1,1,1,1,0,1,1,1,0,1,0,0,1,1,1,0,1,0,0,0,1,0,0,0,1,0,0,0,0.0,157.17999999999975,1
622,1,0,1,0,1,1,0,0,1,1,1,0,1,0,1,0,0,1,0,1,0,0,1,1,0,1,1,0,1,0,1,0,0,0,0,0,0,1,1,0,0.0,158.3799999999998,1
623,1,0,0,1,1,0,1,0,1,1,0,1,1,0,0,0,1,0,1,1,0,0,0,1,0,1,1,0,0,1,0,0,0,0,1,0,0,0,1,0,0.0,158.89999999999955,1
624,1,0,0,1,1,0,1,1,0,1,0,1,0,0,0,0,1,0,1,1,0,1,0,0,1,0,1,0,1,0,0,0,0,0,0,0,1,0,0,0,0.0,159.1199999999998,1
625,1,0,0,1,1,1,0,1,0,1,1,0,1,1,0,1,1,0,1,1,1,0,0,0,1,0,1,0,1,0,1,0,0,0,0,1,0,0,0,1,0.0,159.17999999999975,1
626,0,1,1,1,0,0,1,0,1,1,1,0,0,1,1,1,0,1,1,0,0,0,0,0,0,1,0,0,1,0,0,1,0,0,0,0,0,0,0,0,0.0,160.61999999999975,1
627,1,0,0,1,1,1,0,1,0,1,0,1,1,1,0,1,1,0,1,1,1,1,0,0,1,0,1,0,1,0,0,0,1,0,1,0,0,0,0,1,0.0,161.13999999999956,1
628,1,1,1,0,0,1,0,1,0,1,0,1,0,1,1,1,0,1,1,0,1,0,0,0,1,0,0,0,1,0,0,1,1,0,0,0,0,0,0,1,0.0,162.69999999999996,1
629,1,1,1,0,0,1,0,0,1,1,1,0,0,1,1,1,1,1,1,0,0,0,1,0,0,1,0,0,0,1,0,1,0,0,0,1,0,1,0,0,0.0,162.78000000000011,1
630,1,1,1,0,0,0,1,0,1,1,1,0,0,1,1,0,0,1,0,0,0,0,1,0,0,0,0,0,0,0,0,1,0,0,0,0,0,0,0,0,0.0,162.78,1
631,1,1,0,0,1,1,0,0,1,1,0,0,1,1,1,0,1,0,0,1,0,0,1,0,0,0,1,0,1,0,0,1,0,0,1,0,0,1,0,0,0.0,165.02000000000012,1
632,1,1,0,0,1,0,1,0,1,1,0,1,1,1,1,0,0,0,0,1,0,0,0,1,0,0,1,0,0,0,1,0,0,1,0,0,0,0,1,0,0.0,165.31999999999985,1
633,1,0,1,0,0,0,1,1,0,1,1,0,0,0,1,0,0,1,0,0,0,1,1,0,0,0,0,0,0,1,0,1,0,0,0,0,1,0,0,0,0.025,210.52000000000012,1
634,1,1,1,1,0,1,0,1,0,1,0,1,0,1,1,1,1,1,1,0,0,0,0,0,0,1,0,0,0,1,0,0,1,0,1,0,0,0,0,0,0.0,171.41999999999982,1
635,1,1,1,1,0,0,1,0,1,1,0,1,1,1,1,0,0,1,1,0,0,0,0,0,1,0,1,0,0,0,0,0,0,0,1,0,0,0,1,0,0.0,171.41999999999976,1
636,1,1,1,1,0,0,0,0,1,1,0,1,0,1,1,1,1,1,1,0,0,0,0,0,0,1,0,0,0,1,0,0,1,0,0,1,0,0,0,0,0.0,171.41999999999982,1
637,1,1,1,1,0,0,0,0,1,1,0,1,0,1,1,0,0,1,1,0,0,0,0,0,0,1,0,0,1,0,0,0,0,0,0,0,0,0,0,0,0.0,171.41999999999987,1
638,1,1,1,1,0,1,0,0,1,1,0,1,1,1,1,0,0,1,1,0,0,0,0,0,1,0,1,0,0,0,0,0,0,0,0,1,0,0,0,0,0.0,171.41999999999982,1
639,1,1,0,1,1,1,0,0,1,1,0,1,1,1,1,1,1,0,1,1,0,0,1,0,0,1,1,0,1,0,1,0,1,0,0,1,0,1,0,0,0.0,174.9999999999997,1
640,1,1,0,1,1,0,1,1,0,1,1,0,1,1,1,1,1,0,1,1,0,1,0,0,1,0,1,0,0,1,1,1,0,0,1,0,1,0,0,0,0.0,175.3799999999998,1
641,1,1,0,1,1,0,1,0,1,1,0,1,1,1,1,1,1,0,1,1,0,1,0,1,0,1,1,0,0,1,0,1,1,0,1,0,0,0,1,0,0.0,177.1199999999998,1
642,1,1,1,1,1,1,0,1,0,1,1,0,1,1,0,0,1,1,0,1,1,0,0,0,1,0,1,0,1,0,0,0,0,0,0,1,0,0,0,1,0.0,183.7199999999995,1
643,1,0,1,1,0,0,1,1,0,1,1,1,0,0,1,0,0,1,1,0,0,1,0,1,1,0,0,0,0,1,0,1,0,0,0,0,1,0,1,0,0.025,285.2999999999995,1
644,1,0,0,1,0,1,0,1,0,1,0,1,1,0,0,1,0,0,1,0,1,0,0,0,0,0,1,0,0,1,0,0,1,0,0,1,0,0,0,1,0.0,211.95999999999995,1
645,1,1,0,1,0,0,0,1,0,1,0,1,0,1,1,0,1,0,1,0,0,0,0,0,0,0,0,0,1,0,0,1,0,0,1,0,0,0,0,0,0.0,227.1,1
646,1,1,1,1,0,0,1,0,1,1,1,1,1,1,1,0,0,1,1,0,0,0,1,1,1,0,1,1,0,0,0,1,0,0,0,1,0,0,1,0,0.0,237.64000000000001,1
647,1,1,1,1,1,1,0,1,0,1,0,1,1,1,0,1,1,0,1,1,1,0,1,1,0,1,1,0,1,0,0,0,1,0,0,1,0,0,0,1,0.0,251.43999999999951,1
